suite	count	threads	batch	mode	inproc_sleep_ms	recv_sleep_ms	recv_verify	n_total	n_ok	n_fail	wall_ms_q25	wall_ms_median	wall_ms_q75	throughput_tx_s_q25	throughput_tx_s_median	throughput_tx_s_q75	sum_build_ms_q25	sum_build_ms_median	sum_build_ms_q75	sum_pack_ms_q25	sum_pack_ms_median	sum_pack_ms_q75	sum_submit_ack_ms_q25	sum_submit_ack_ms_median	sum_submit_ack_ms_q75	sum_inproc_ms_q25	sum_inproc_ms_median	sum_inproc_ms_q75	bench_oneway_ms_q25	bench_oneway_ms_median	bench_oneway_ms_q75	submitted_q25	submitted_median	submitted_q75	batches_q25	batches_median	batches_q75	host	nproc
standard	1024	1	128	inproc	0	NA	NA	3	3	0	509.484985	541.838867	702.947388	1537.484617	1889.860735	2018.010693	509.423218	541.771729	702.880249	0.000000	0.000000	0.000000	0.000000	0.000000	0.000000	0.002075	0.002197	0.004150				1024.000000	1024.000000	1024.000000	8.000000	8.000000	8.000000	Ada	12
standard	1024	1	128	zmq	NA	0	0	3	3	0	501.454956	579.459961	770.671509	1415.870564	1767.162650	2092.697062	453.368164	490.043945	551.535400	0.189453	0.202881	0.237183	47.815064	89.104248	218.800293	0.000000	0.000000	0.000000				1024.000000	1024.000000	1024.000000	8.000000	8.000000	8.000000	Ada	12
standard	1024	1	128	zmq	NA	0	1	3	3	0	364.678589	382.874023	593.703003	1973.649309	2674.508944	2814.959791	357.890625	376.880127	512.215088	0.173217	0.179443	0.221801	6.553223	7.329590	81.977417	0.000000	0.000000	0.000000				1024.000000	1024.000000	1024.000000	8.000000	8.000000	8.000000	Ada	12
standard	1024	1	16	inproc	0	NA	NA	3	3	0	480.172974	551.334961	660.830444	1593.308787	1857.310116	2180.455174	480.037231	551.173096	660.658935	0.000000	0.000000	0.000000	0.000000	0.000000	0.000000	0.010498	0.011230	0.015991				1024.000000	1024.000000	1024.000000	64.000000	64.000000	64.000000	Ada	12
standard	1024	1	16	zmq	NA	0	0	3	3	0	479.236328	484.306885	560.552490	1861.203429	2114.361848	2136.972066	431.889649	440.493408	512.891113	0.581299	0.595703	0.655639	46.449707	49.891357	50.184082	0.000000	0.000000	0.000000	0.392153	0.439185	2.292428	1024.000000	1024.000000	1024.000000	64.000000	64.000000	64.000000	Ada	12
standard	1024	1	16	zmq	NA	0	1	3	3	0	342.976928	358.723877	401.371949	2580.382792	2854.563261	2991.930442	302.978882	319.456787	357.380982	0.487426	0.512207	0.515991	39.332275	40.039795	43.983887	0.000000	0.000000	0.000000	0.350036	0.358052	0.390188	1024.000000	1024.000000	1024.000000	64.000000	64.000000	64.000000	Ada	12
standard	1024	1	32	inproc	0	NA	NA	3	3	0	440.238037	444.927002	460.867553	2224.557816	2301.501135	2326.278270	440.149415	444.839600	460.767701	0.000000	0.000000	0.000000	0.000000	0.000000	0.000000	0.003907	0.004883	0.005371				1024.000000	1024.000000	1024.000000	32.000000	32.000000	32.000000	Ada	12
standard	1024	1	32	zmq	NA	0	0	3	3	0	695.607544	767.917969	803.452026	1276.998302	1333.475764	1488.175980	606.281373	733.648438	766.674072	0.544189	0.596924	0.643066	35.893555	38.368164	91.024414	0.000000	0.000000	0.000000				1024.000000	1024.000000	1024.000000	32.000000	32.000000	32.000000	Ada	12
standard	1024	1	32	zmq	NA	0	1	3	3	0	560.784912	619.869873	824.828980	1323.169482	1651.959620	1846.510106	513.503418	552.675293	572.823365	0.438599	0.447510	0.458496	26.501587	26.769287	251.613159	0.000000	0.000000	0.000000				1024.000000	1024.000000	1024.000000	32.000000	32.000000	32.000000	Ada	12
standard	1024	1	64	inproc	0	NA	NA	3	3	0	728.349488	786.812012	799.559571	1281.030696	1301.454458	1415.035282	728.252686	786.707520	799.452149	0.000000	0.000000	0.000000	0.000000	0.000000	0.000000	0.005860	0.006836	0.006958				1024.000000	1024.000000	1024.000000	16.000000	16.000000	16.000000	Ada	12
standard	1024	1	64	zmq	NA	0	0	3	3	0	785.745483	1141.864990	1375.874512	766.424592	896.778524	1640.123533	654.635620	892.264160	970.503784	0.336060	0.416260	0.540650	52.293945	92.308838	404.671387	0.000000	0.000000	0.000000				1024.000000	1024.000000	1024.000000	16.000000	16.000000	16.000000	Ada	12
standard	1024	1	64	zmq	NA	0	1	3	3	0	458.083008	501.635986	518.887451	1975.636805	2041.320854	2255.794106	446.071777	488.700195	506.452270	0.272217	0.291260	0.297852	11.135986	11.530762	12.030640	0.000000	0.000000	0.000000				1024.000000	1024.000000	1024.000000	16.000000	16.000000	16.000000	Ada	12
standard	1024	1	8	inproc	0	NA	NA	3	3	0	574.505493	647.611084	711.450562	1450.995968	1581.195914	1811.738961	574.271606	647.407471	711.220947	0.000000	0.000000	0.000000	0.000000	0.000000	0.000000	0.024292	0.024902	0.026856				1024.000000	1024.000000	1024.000000	128.000000	128.000000	128.000000	Ada	12
standard	1024	1	8	zmq	NA	0	0	3	3	0	594.365478	753.026855	759.912476	1347.634252	1359.845260	1855.032064	389.681640	417.335449	421.686035	0.584839	0.618896	0.650756	203.846436	334.795898	337.261108	0.000000	0.000000	0.000000				1024.000000	1024.000000	1024.000000	128.000000	128.000000	128.000000	Ada	12
standard	1024	1	8	zmq	NA	0	1	3	3	0	772.947510	862.114990	875.227539	1170.244136	1187.776586	1342.667108	530.019775	539.766846	561.464600	0.868286	0.881592	0.928467	219.903687	340.606934	343.914429	0.000000	0.000000	0.000000				1024.000000	1024.000000	1024.000000	128.000000	128.000000	128.000000	Ada	12
standard	1024	12	128	inproc	0	NA	NA	3	3	0	137.670044	144.614014	166.025025	6272.057635	7080.918190	7457.045767	935.577636	993.260498	1021.291015	0.000000	0.000000	0.000000	0.000000	0.000000	0.000000	0.001465	0.001953	0.002442				1024.000000	1024.000000	1024.000000	8.000000	8.000000	8.000000	Ada	12
standard	1024	12	128	zmq	NA	0	0	3	3	0	77.604492	80.244141	81.746094	12530.822616	12761.056347	13210.396341	507.120483	521.072998	523.513550	0.389038	0.403320	0.411621	6.726562	6.986328	7.064331	0.000000	0.000000	0.000000	0.344475	0.361803	0.375530	1024.000000	1024.000000	1024.000000	8.000000	8.000000	8.000000	Ada	12
standard	1024	12	128	zmq	NA	0	1	3	3	0	80.512085	82.029053	93.007569	11165.426755	12483.381995	12723.104257	516.656982	522.365967	598.220581	0.342774	0.345947	0.348999	6.953613	7.107178	7.246704	0.000000	0.000000	0.000000	0.443633	0.454923	0.458447	1024.000000	1024.000000	1024.000000	8.000000	8.000000	8.000000	Ada	12
standard	1024	12	16	inproc	0	NA	NA	3	3	0	114.176513	123.720947	124.473999	8226.918784	8276.690590	9031.682020	1144.207153	1219.792236	1242.172973	0.000000	0.000000	0.000000	0.000000	0.000000	0.000000	0.013794	0.014648	0.015259				1024.000000	1024.000000	1024.000000	64.000000	64.000000	64.000000	Ada	12
standard	1024	12	16	zmq	NA	0	0	3	3	0	65.794556	68.002197	68.239624	15006.126000	15058.336953	15581.139665	606.388062	626.480469	639.817383	0.372192	0.377930	0.382568	36.326050	50.231934	53.825195	0.000000	0.000000	0.000000				1024.000000	1024.000000	1024.000000	64.000000	64.000000	64.000000	Ada	12
standard	1024	12	16	zmq	NA	0	1	3	3	0	67.704956	69.541016	70.088989	14610.891194	14725.122876	15135.577646	635.823608	641.013428	648.453003	0.414795	0.449219	0.471070	30.096558	31.834229	35.768433	0.000000	0.000000	0.000000				1024.000000	1024.000000	1024.000000	64.000000	64.000000	64.000000	Ada	12
standard	1024	12	32	inproc	0	NA	NA	3	3	0	118.992065	119.551025	162.619506	6771.897256	8565.380319	8605.805711	1156.534302	1181.647461	1522.730835	0.000000	0.000000	0.000000	0.000000	0.000000	0.000000	0.009155	0.010986	0.011474				1024.000000	1024.000000	1024.000000	32.000000	32.000000	32.000000	Ada	12
standard	1024	12	32	zmq	NA	0	0	3	3	0	71.077026	71.972900	73.915893	13863.162654	14227.577247	14409.194625	661.489014	667.655029	667.746460	0.346801	0.365234	0.396606	12.818848	13.678955	16.067017	0.000000	0.000000	0.000000	0.252335	0.277209	3.651959	1024.000000	1024.000000	1024.000000	32.000000	32.000000	32.000000	Ada	12
standard	1024	12	32	zmq	NA	0	1	3	3	0	74.370117	78.974121	84.598511	12157.970603	12966.272822	13821.942831	669.752930	701.185303	800.680542	0.454590	0.468018	0.477784	21.382812	21.897705	31.102295	0.000000	0.000000	0.000000	0.249424	0.296078	0.316905	1024.000000	1024.000000	1024.000000	32.000000	32.000000	32.000000	Ada	12
standard	1024	12	64	inproc	0	NA	NA	3	3	0	136.578980	141.205811	144.558838	7087.433925	7251.826225	7506.107608	1159.062988	1251.963379	1274.098999	0.000000	0.000000	0.000000	0.000000	0.000000	0.000000	0.003052	0.005127	0.005493				1024.000000	1024.000000	1024.000000	16.000000	16.000000	16.000000	Ada	12
standard	1024	12	64	zmq	NA	0	0	3	3	0	80.926391	81.044922	90.144409	11476.491471	12634.968068	12653.501243	638.151489	658.040771	710.317139	0.408936	0.448486	0.475830	9.735352	11.621582	12.167725	0.000000	0.000000	0.000000	0.250897	0.258389	0.310325	1024.000000	1024.000000	1024.000000	16.000000	16.000000	16.000000	Ada	12
standard	1024	12	64	zmq	NA	0	1	3	3	0	86.889038	88.165039	119.412964	9205.650985	11614.581141	11787.688151	658.161988	695.473389	971.989868	0.478882	0.480713	0.618042	14.168701	15.245605	17.517090	0.000000	0.000000	0.000000	0.402823	0.416517	0.540158	1024.000000	1024.000000	1024.000000	16.000000	16.000000	16.000000	Ada	12
standard	1024	12	8	inproc	0	NA	NA	3	3	0	106.602539	111.404053	116.359009	8816.337004	9191.766142	9625.301960	1145.615722	1192.036621	1195.680420	0.000000	0.000000	0.000000	0.000000	0.000000	0.000000	0.023926	0.026123	0.026611				1024.000000	1024.000000	1024.000000	128.000000	128.000000	128.000000	Ada	12
standard	1024	12	8	zmq	NA	0	0	3	3	0	73.684571	76.585938	94.829468	11213.348748	13370.600836	13918.654906	667.898560	678.243408	887.473144	0.477417	0.488037	0.656006	74.727173	77.564209	108.612549	0.000000	0.000000	0.000000				1024.000000	1024.000000	1024.000000	128.000000	128.000000	128.000000	Ada	12
standard	1024	12	8	zmq	NA	0	1	3	3	0	88.229004	90.975098	91.290039	11217.129471	11255.827434	11617.415000	670.663208	722.691650	768.415894	0.479614	0.496094	0.567139	72.353272	73.865723	117.733520	0.000000	0.000000	0.000000				1024.000000	1024.000000	1024.000000	128.000000	128.000000	128.000000	Ada	12
standard	1024	2	128	inproc	0	NA	NA	3	3	0	363.447876	451.401855	508.875000	2038.281911	2268.488682	2992.724716	717.500122	895.036133	959.879516	0.000000	0.000000	0.000000	0.000000	0.000000	0.000000	0.003052	0.003906	0.004394				1024.000000	1024.000000	1024.000000	8.000000	8.000000	8.000000	Ada	12
standard	1024	2	128	zmq	NA	0	0	3	3	0	258.386353	279.387939	403.711426	2802.210171	3665.154631	3989.413280	497.620483	531.613037	781.783325	0.245850	0.282227	0.343018	7.285400	7.658936	8.511353	0.000000	0.000000	0.000000				1024.000000	1024.000000	1024.000000	8.000000	8.000000	8.000000	Ada	12
standard	1024	2	128	zmq	NA	0	1	3	3	0	339.557006	358.833984	989.875000	1742.714448	2853.687345	3025.444750	511.319824	622.242676	660.399170	0.260132	0.298584	0.301026	8.022461	8.079102	1401.680176	0.000000	0.000000	0.000000				1024.000000	1024.000000	1024.000000	8.000000	8.000000	8.000000	Ada	12
standard	1024	2	16	inproc	0	NA	NA	3	3	0	446.490478	546.792969	547.140015	1871.550946	1872.738054	2415.334263	880.910523	1074.583740	1082.917603	0.000000	0.000000	0.000000	0.000000	0.000000	0.000000	0.017944	0.018066	0.025390				1024.000000	1024.000000	1024.000000	64.000000	64.000000	64.000000	Ada	12
standard	1024	2	16	zmq	NA	0	0	3	3	0	358.196412	417.073975	15397.731934	1244.190714	2455.199946	2938.150458	662.459228	777.067627	800.432251	0.580444	0.616943	0.648926	49.520752	49.808838	15182.182373	0.000000	0.000000	0.000000	0.311201	0.311201	0.311201	1016.000000	1024.000000	1024.000000	64.000000	64.000000	64.000000	Ada	12
standard	1024	2	16	zmq	NA	0	1	3	3	0	398.700439	542.539062	567.380981	1808.250198	1887.421701	2952.642620	481.301880	510.023926	514.741944	0.472657	0.492188	0.522339	292.993042	534.198975	587.565918	0.000000	0.000000	0.000000				1024.000000	1024.000000	1024.000000	64.000000	64.000000	64.000000	Ada	12
standard	1024	2	32	inproc	0	NA	NA	3	3	0	270.865478	280.449951	394.187012	2833.662365	3651.275373	3785.213731	536.307495	555.482178	783.239380	0.000000	0.000000	0.000000	0.000000	0.000000	0.000000	0.005371	0.005859	0.007812				1024.000000	1024.000000	1024.000000	32.000000	32.000000	32.000000	Ada	12
standard	1024	2	32	zmq	NA	0	0	3	3	0	317.651367	372.496826	607.597901	1982.079998	2749.016711	3322.714176	485.958863	497.768799	590.814209	0.346558	0.379639	0.413940	26.937378	27.277344	615.082642	0.000000	0.000000	0.000000				1024.000000	1024.000000	1024.000000	32.000000	32.000000	32.000000	Ada	12
standard	1024	2	32	zmq	NA	0	1	3	3	0	248.635987	285.468018	440.382447	2653.620994	3587.091852	4210.875668	386.446045	391.289551	481.197022	0.307861	0.325195	0.349731	101.418579	177.468750	382.078491	0.000000	0.000000	0.000000				1024.000000	1024.000000	1024.000000	32.000000	32.000000	32.000000	Ada	12
standard	1024	2	64	inproc	0	NA	NA	3	3	0	273.410523	319.206055	464.443603	2443.762819	3207.959201	3853.392082	538.684082	626.758301	913.587524	0.000000	0.000000	0.000000	0.000000	0.000000	0.000000	0.002930	0.004883	0.006470				1024.000000	1024.000000	1024.000000	16.000000	16.000000	16.000000	Ada	12
standard	1024	2	64	zmq	NA	0	0	3	3	0	478.920044	633.610107	697.329101	1480.824347	1616.135835	2387.193941	617.625367	617.843506	719.607056	0.323974	0.345215	0.359131	197.471801	378.887939	622.352051	0.000000	0.000000	0.000000				1024.000000	1024.000000	1024.000000	16.000000	16.000000	16.000000	Ada	12
standard	1024	2	64	zmq	NA	0	1	3	3	0	548.511474	731.664062	758.123046	1352.351460	1399.549400	2101.136535	766.352051	824.803711	941.305298	0.364136	0.370850	0.405274	183.764649	353.264404	526.933471	0.000000	0.000000	0.000000				1024.000000	1024.000000	1024.000000	16.000000	16.000000	16.000000	Ada	12
standard	1024	2	8	inproc	0	NA	NA	3	3	0	401.225464	460.906006	544.228515	1926.725474	2221.711123	2609.926305	800.821045	920.114746	1084.769287	0.000000	0.000000	0.000000	0.000000	0.000000	0.000000	0.036255	0.037109	0.042969				1024.000000	1024.000000	1024.000000	128.000000	128.000000	128.000000	Ada	12
standard	1024	2	8	zmq	NA	0	0	3	3	0	443.906006	600.462158	615.965088	1663.485623	1705.353095	2634.476655	517.585938	556.110596	559.277344	0.618774	0.632568	0.661133	338.490601	584.805420	630.301514	0.000000	0.000000	0.000000				1024.000000	1024.000000	1024.000000	128.000000	128.000000	128.000000	Ada	12
standard	1024	2	8	zmq	NA	0	1	3	3	0	472.248535	646.576904	665.000488	1541.031305	1583.724988	2510.443706	510.660644	524.909424	694.753906	0.651245	0.657959	0.850586	258.504638	422.734863	628.965087	0.000000	0.000000	0.000000				1024.000000	1024.000000	1024.000000	128.000000	128.000000	128.000000	Ada	12
standard	1024	4	128	inproc	0	NA	NA	3	3	0	214.152588	228.830078	294.106079	3662.135684	4474.936199	4804.204529	815.224610	887.376221	1111.837891	0.000000	0.000000	0.000000	0.000000	0.000000	0.000000	0.001465	0.001953	0.001953				1024.000000	1024.000000	1024.000000	8.000000	8.000000	8.000000	Ada	12
standard	1024	4	128	zmq	NA	0	0	3	3	0	182.785034	241.007080	255.662964	4018.478485	4248.837834	6234.789156	527.738525	604.266846	662.606933	0.303345	0.365967	0.374146	106.585938	205.743896	234.471313	0.000000	0.000000	0.000000				1024.000000	1024.000000	1024.000000	8.000000	8.000000	8.000000	Ada	12
standard	1024	4	128	zmq	NA	0	1	3	3	0	121.034546	122.037109	126.577148	8100.348932	8390.890322	8460.974978	434.379151	434.746826	459.875610	0.237305	0.245361	0.322144	6.916992	7.385254	7.622437	0.000000	0.000000	0.000000				1024.000000	1024.000000	1024.000000	8.000000	8.000000	8.000000	Ada	12
standard	1024	4	16	inproc	0	NA	NA	3	3	0	198.491089	198.501953	205.575927	4987.033018	5158.639418	5158.921788	770.846191	774.195068	809.091796	0.000000	0.000000	0.000000	0.000000	0.000000	0.000000	0.014770	0.016357	0.019531				1024.000000	1024.000000	1024.000000	64.000000	64.000000	64.000000	Ada	12
standard	1024	4	16	zmq	NA	0	0	3	3	0	156.324829	157.881836	165.198974	6210.770348	6485.863266	6551.112833	569.014283	580.076172	604.052490	0.485474	0.518799	0.548951	44.990234	45.166748	45.739990	0.000000	0.000000	0.000000				1024.000000	1024.000000	1024.000000	64.000000	64.000000	64.000000	Ada	12
standard	1024	4	16	zmq	NA	0	1	3	3	0	251.348511	273.093994	280.568969	3652.318928	3749.624752	4104.748131	936.784790	1019.547607	1025.096801	0.697754	0.800049	0.825439	50.268677	57.562256	58.117920	0.000000	0.000000	0.000000				1024.000000	1024.000000	1024.000000	64.000000	64.000000	64.000000	Ada	12
standard	1024	4	32	inproc	0	NA	NA	3	3	0	422.468017	432.129883	441.076905	2322.546248	2369.657922	2425.120553	1594.276978	1656.796143	1692.199585	0.000000	0.000000	0.000000	0.000000	0.000000	0.000000	0.016602	0.017822	0.019409				1024.000000	1024.000000	1024.000000	32.000000	32.000000	32.000000	Ada	12
standard	1024	4	32	zmq	NA	0	0	3	3	0	195.041015	218.501953	224.348388	4567.431401	4686.456965	5327.257897	721.815063	827.021729	833.017456	0.537231	0.568604	0.623536	27.923339	30.212646	30.828613	0.000000	0.000000	0.000000				1024.000000	1024.000000	1024.000000	32.000000	32.000000	32.000000	Ada	12
standard	1024	4	32	zmq	NA	0	1	3	3	0	150.408448	160.208008	170.506592	6027.622586	6391.690490	6837.151367	542.406128	583.379883	616.093017	0.368286	0.383301	0.385987	24.225098	24.991943	24.995849	0.000000	0.000000	0.000000				1024.000000	1024.000000	1024.000000	32.000000	32.000000	32.000000	Ada	12
standard	1024	4	64	inproc	0	NA	NA	3	3	0	212.444580	236.675049	268.022583	3873.561202	4326.607325	4883.609788	799.995849	875.440674	990.102539	0.000000	0.000000	0.000000	0.000000	0.000000	0.000000	0.005981	0.006104	0.008179				1024.000000	1024.000000	1024.000000	16.000000	16.000000	16.000000	Ada	12
standard	1024	4	64	zmq	NA	0	0	3	3	0	164.259887	188.992920	268.655517	4179.016871	5418.192387	6378.640657	595.735596	683.075195	775.704467	0.290527	0.327881	0.384400	12.027954	12.627197	218.671753	0.000000	0.000000	0.000000				1024.000000	1024.000000	1024.000000	16.000000	16.000000	16.000000	Ada	12
standard	1024	4	64	zmq	NA	0	1	3	3	0	165.367553	172.437988	191.222900	5407.187867	5938.366657	6203.607320	617.287597	654.466797	722.154908	0.307129	0.320557	0.368286	13.059204	13.499756	14.432740	0.000000	0.000000	0.000000				1024.000000	1024.000000	1024.000000	16.000000	16.000000	16.000000	Ada	12
standard	1024	4	8	inproc	0	NA	NA	3	3	0	183.130005	183.482910	220.116455	4784.608359	5580.901236	5591.676817	718.552002	723.903320	862.368042	0.000000	0.000000	0.000000	0.000000	0.000000	0.000000	0.017701	0.018555	0.032226				1024.000000	1024.000000	1024.000000	128.000000	128.000000	128.000000	Ada	12
standard	1024	4	8	zmq	NA	0	0	3	3	0	214.479492	229.104004	965.714478	2535.558033	4469.585789	4796.650492	701.035034	704.273926	760.215454	0.683593	0.720947	0.764404	82.116577	86.213379	3084.141113	0.000000	0.000000	0.000000				1024.000000	1024.000000	1024.000000	128.000000	128.000000	128.000000	Ada	12
standard	1024	4	8	zmq	NA	0	1	3	3	0	219.177979	231.006104	1027.560547	2497.075714	4432.783309	4685.648282	665.335571	713.024902	769.217774	0.683472	0.686279	0.744629	84.591553	85.178223	3377.458496	0.000000	0.000000	0.000000				1024.000000	1024.000000	1024.000000	128.000000	128.000000	128.000000	Ada	12
standard	1024	8	128	inproc	0	NA	NA	3	3	0	88.231079	94.169189	101.565551	10135.912036	10874.044960	11658.696187	630.482544	683.786621	736.100219	0.000000	0.000000	0.000000	0.000000	0.000000	0.000000	0.000489	0.000977	0.001465				1024.000000	1024.000000	1024.000000	8.000000	8.000000	8.000000	Ada	12
standard	1024	8	128	zmq	NA	0	0	3	3	0	69.872071	71.314209	75.091065	13671.361312	14358.989808	14661.600873	477.740967	487.786377	501.325561	0.291016	0.306641	0.330688	6.316162	6.434326	6.437256	0.000000	0.000000	0.000000				1024.000000	1024.000000	1024.000000	8.000000	8.000000	8.000000	Ada	12
standard	1024	8	128	zmq	NA	0	1	3	3	0	76.615600	81.748047	82.146606	12465.811430	12526.293155	13425.673260	518.481323	555.068359	560.968505	0.342041	0.354980	0.391602	6.714355	6.772949	7.030029	0.000000	0.000000	0.000000				1024.000000	1024.000000	1024.000000	8.000000	8.000000	8.000000	Ada	12
standard	1024	8	16	inproc	0	NA	NA	3	3	0	110.193848	118.714844	118.836304	8616.904411	8625.711559	9348.615002	821.509399	882.609619	884.491699	0.000000	0.000000	0.000000	0.000000	0.000000	0.000000	0.011963	0.012939	0.014404				1024.000000	1024.000000	1024.000000	64.000000	64.000000	64.000000	Ada	12
standard	1024	8	16	zmq	NA	0	0	3	3	0	75.822510	77.084961	79.736572	12856.505326	13284.043834	13508.969310	517.644409	527.460693	546.791381	0.386597	0.412598	0.424683	34.736328	34.913086	36.140747	0.000000	0.000000	0.000000				1024.000000	1024.000000	1024.000000	64.000000	64.000000	64.000000	Ada	12
standard	1024	8	16	zmq	NA	0	1	3	3	0	75.133057	75.338135	79.267090	12950.165730	13592.054053	13629.255550	517.685547	520.029053	550.290649	0.386108	0.400146	0.424194	35.400147	37.320801	37.650757	0.000000	0.000000	0.000000				1024.000000	1024.000000	1024.000000	64.000000	64.000000	64.000000	Ada	12
standard	1024	8	32	inproc	0	NA	NA	3	3	0	111.095092	117.955078	125.379638	8195.935284	8681.271008	9252.608185	796.538696	860.623535	896.676147	0.000000	0.000000	0.000000	0.000000	0.000000	0.000000	0.008422	0.010986	0.011596				1024.000000	1024.000000	1024.000000	32.000000	32.000000	32.000000	Ada	12
standard	1024	8	32	zmq	NA	0	0	3	3	0	84.914551	90.157227	140.385621	8365.024395	11357.935898	12105.326058	582.863281	627.475342	901.863159	0.378662	0.472656	0.520508	20.813111	22.195557	36.121460	0.000000	0.000000	0.000000				1024.000000	1024.000000	1024.000000	32.000000	32.000000	32.000000	Ada	12
standard	1024	8	32	zmq	NA	0	1	3	3	0	76.984009	77.447021	77.822998	13158.371261	13221.941662	13301.944892	533.683960	537.297363	539.554566	0.317749	0.334473	0.341064	19.591919	19.597656	20.146362	0.000000	0.000000	0.000000				1024.000000	1024.000000	1024.000000	32.000000	32.000000	32.000000	Ada	12
standard	1024	8	64	inproc	0	NA	NA	3	3	0	96.424560	108.744141	112.028565	9148.389257	9416.599314	10795.929630	688.808960	759.904785	791.489135	0.000000	0.000000	0.000000	0.000000	0.000000	0.000000	0.003662	0.004883	0.005982				1024.000000	1024.000000	1024.000000	16.000000	16.000000	16.000000	Ada	12
standard	1024	8	64	zmq	NA	0	0	3	3	0	74.701538	76.206055	76.604126	13367.787167	13437.252515	13713.446396	489.395142	497.386963	508.679931	0.258423	0.271729	0.285401	10.791504	10.857422	11.044189	0.000000	0.000000	0.000000				1024.000000	1024.000000	1024.000000	16.000000	16.000000	16.000000	Ada	12
standard	1024	8	64	zmq	NA	0	1	3	3	0	74.797973	75.274902	76.156372	13447.820243	13603.471650	13690.767061	481.658692	483.856934	504.908448	0.281861	0.314209	0.333252	10.002441	10.315430	10.336792	0.000000	0.000000	0.000000				1024.000000	1024.000000	1024.000000	16.000000	16.000000	16.000000	Ada	12
standard	1024	8	8	inproc	0	NA	NA	3	3	0	109.521973	121.125977	129.564942	7937.044014	8454.008207	9455.870741	830.297851	923.170166	995.582154	0.000000	0.000000	0.000000	0.000000	0.000000	0.000000	0.022339	0.027100	0.033203				1024.000000	1024.000000	1024.000000	128.000000	128.000000	128.000000	Ada	12
standard	1024	8	8	zmq	NA	0	0	3	3	0	75.991700	76.159180	77.853638	13159.119207	13445.522972	13475.221432	508.975708	517.440430	526.556763	0.431274	0.434814	0.438476	67.758423	69.639160	70.155029	0.000000	0.000000	0.000000				1024.000000	1024.000000	1024.000000	128.000000	128.000000	128.000000	Ada	12
standard	1024	8	8	zmq	NA	0	1	3	3	0	74.917480	76.293945	78.380493	13073.739980	13421.772800	13672.987693	505.582763	513.436035	522.771606	0.430054	0.445801	0.454468	63.470948	64.796631	65.988281	0.000000	0.000000	0.000000				1024.000000	1024.000000	1024.000000	128.000000	128.000000	128.000000	Ada	12
standard	128	1	128	inproc	0	NA	NA	3	3	0	64.744385	67.570801	71.112915	1804.431147	1894.309354	1980.780316	64.698487	67.502930	71.063477	0.000000	0.000000	0.000000	0.000000	0.000000	0.000000	0.000000	0.000000	0.000489				128.000000	128.000000	128.000000	1.000000	1.000000	1.000000	Ada	12
standard	128	1	128	zmq	NA	0	0	3	3	0	43.068970	44.625977	56.677491	2365.335761	2868.284570	2975.866538	42.190552	43.659180	55.482544	0.024902	0.026855	0.052001	0.836548	0.923096	1.123536	0.000000	0.000000	0.000000				128.000000	128.000000	128.000000	1.000000	1.000000	1.000000	Ada	12
standard	128	1	128	zmq	NA	0	1	3	3	0	86.796020	126.925049	127.093018	1007.138126	1008.469181	1875.653595	47.613526	49.544922	52.213379	0.026001	0.026855	0.028930	36.466431	71.993896	74.831054	0.000000	0.000000	0.000000				128.000000	128.000000	128.000000	1.000000	1.000000	1.000000	Ada	12
standard	128	1	16	inproc	0	NA	NA	3	3	0	49.773926	51.614014	51.620483	2479.635865	2479.946644	2575.147029	49.744873	51.585938	51.592773	0.000000	0.000000	0.000000	0.000000	0.000000	0.000000	0.000977	0.000977	0.001465				128.000000	128.000000	128.000000	8.000000	8.000000	8.000000	Ada	12
standard	128	1	16	zmq	NA	0	0	3	3	0	43.451904	45.161865	45.339844	2823.167479	2834.249634	2950.354822	37.358032	38.801025	39.618164	0.042480	0.045898	0.049926	5.385254	5.750000	6.012818	0.000000	0.000000	0.000000				128.000000	128.000000	128.000000	8.000000	8.000000	8.000000	Ada	12
standard	128	1	16	zmq	NA	0	1	3	3	0	51.266114	52.696045	57.667603	2236.237466	2429.024800	2498.719936	44.474975	46.184082	51.656616	0.055054	0.056885	0.058838	5.843628	6.267090	6.615234	0.000000	0.000000	0.000000				128.000000	128.000000	128.000000	8.000000	8.000000	8.000000	Ada	12
standard	128	1	32	inproc	0	NA	NA	3	3	0	56.702514	58.766113	58.780518	2177.592389	2178.126013	2260.389318	56.678467	58.737061	58.755127	0.000000	0.000000	0.000000	0.000000	0.000000	0.000000	0.000000	0.000000	0.000977				128.000000	128.000000	128.000000	4.000000	4.000000	4.000000	Ada	12
standard	128	1	32	zmq	NA	0	0	3	3	0	45.211548	45.455078	47.775634	2685.525728	2815.967000	2831.217244	42.024536	42.805176	45.122558	0.041138	0.043213	0.046143	2.582397	2.583984	3.107422	0.000000	0.000000	0.000000				128.000000	128.000000	128.000000	4.000000	4.000000	4.000000	Ada	12
standard	128	1	32	zmq	NA	0	1	3	3	0	105.277466	156.659912	158.517456	807.592944	817.056503	1596.022023	39.890381	41.682861	46.746216	0.040527	0.041016	0.044556	60.239990	118.486816	118.555053	0.000000	0.000000	0.000000				128.000000	128.000000	128.000000	4.000000	4.000000	4.000000	Ada	12
standard	128	1	64	inproc	0	NA	NA	3	3	0	42.849975	44.190918	47.080933	2729.005566	2896.522767	2990.094451	42.824462	44.156982	47.051513	0.000000	0.000000	0.000000	0.000000	0.000000	0.000000	0.000000	0.000000	0.000000				128.000000	128.000000	128.000000	2.000000	2.000000	2.000000	Ada	12
standard	128	1	64	zmq	NA	0	0	3	3	0	37.297973	37.725830	50.626465	2703.894486	3392.900825	3432.273482	35.221069	35.404053	48.535034	0.028930	0.031982	0.034912	1.791993	1.800049	2.038452	0.000000	0.000000	0.000000				128.000000	128.000000	128.000000	2.000000	2.000000	2.000000	Ada	12
standard	128	1	64	zmq	NA	0	1	3	3	0	42.345947	45.682861	50.249511	2568.501904	2801.926068	3041.608668	40.659668	43.610352	48.186768	0.037964	0.046875	0.046875	1.616455	1.980957	1.994385	0.000000	0.000000	0.000000				128.000000	128.000000	128.000000	2.000000	2.000000	2.000000	Ada	12
standard	128	1	8	inproc	0	NA	NA	3	3	0	68.378540	70.760010	74.135498	1730.155078	1808.931350	1874.205690	68.329712	70.701416	74.075683	0.000000	0.000000	0.000000	0.000000	0.000000	0.000000	0.002442	0.003906	0.005981				128.000000	128.000000	128.000000	16.000000	16.000000	16.000000	Ada	12
standard	128	1	8	zmq	NA	0	0	3	3	0	47.066040	49.395020	49.998413	2560.454164	2591.354376	2726.258438	36.594239	37.973389	39.565308	0.059204	0.061035	0.073486	9.375733	9.397949	10.360717	0.000000	0.000000	0.000000				128.000000	128.000000	128.000000	16.000000	16.000000	16.000000	Ada	12
standard	128	1	8	zmq	NA	0	1	3	3	0	56.676025	64.774170	68.167114	1882.401824	1976.096338	2305.520213	48.619507	55.083008	57.343139	0.086547	0.099365	0.100586	7.912109	9.544189	10.672241	0.000000	0.000000	0.000000				128.000000	128.000000	128.000000	16.000000	16.000000	16.000000	Ada	12
standard	128	12	128	inproc	0	NA	NA	3	3	0	61.620483	63.718018	72.908936	1783.964014	2008.850948	2079.641014	56.752441	57.618896	63.236450	0.000000	0.000000	0.000000	0.000000	0.000000	0.000000	0.000000	0.000000	0.000000				128.000000	128.000000	128.000000	1.000000	1.000000	1.000000	Ada	12
standard	128	12	128	zmq	NA	0	0	3	3	0	46.259034	47.402100	48.295044	2651.281832	2700.302330	2768.717684	38.232056	39.997070	40.615479	0.022949	0.023926	0.037476	0.780517	0.830078	0.953125	0.000000	0.000000	0.000000				128.000000	128.000000	128.000000	1.000000	1.000000	1.000000	Ada	12
standard	128	12	128	zmq	NA	0	1	3	3	0	81.898071	89.370117	109.205567	1212.089378	1432.246080	1576.037292	73.066406	80.966797	95.633911	0.055420	0.065918	0.076538	1.268555	1.281006	1.303467	0.000000	0.000000	0.000000				128.000000	128.000000	128.000000	1.000000	1.000000	1.000000	Ada	12
standard	128	12	16	inproc	0	NA	NA	3	3	0	21.366089	26.703125	29.741089	4349.189658	4793.446460	6389.473211	107.408447	113.145020	113.308594	0.000000	0.000000	0.000000	0.000000	0.000000	0.000000	0.000977	0.001953	0.002075				128.000000	128.000000	128.000000	8.000000	8.000000	8.000000	Ada	12
standard	128	12	16	zmq	NA	0	0	3	3	0	28.908447	39.322998	117.146606	1955.801568	3255.092601	5088.147480	86.961303	91.026855	95.224853	0.049195	0.052246	0.055054	5.879029	6.603760	512.678711	0.000000	0.000000	0.000000				128.000000	128.000000	128.000000	8.000000	8.000000	8.000000	Ada	12
standard	128	12	16	zmq	NA	0	1	3	3	0	26.240966	28.463867	195.641357	2424.861249	4496.929358	4913.125477	106.668824	128.131836	207.366211	0.090576	0.102295	0.106201	9.014893	13.541016	1032.868164	0.000000	0.000000	0.000000				128.000000	128.000000	128.000000	8.000000	8.000000	8.000000	Ada	12
standard	128	12	32	inproc	0	NA	NA	3	3	0	29.879639	29.911133	35.113037	3727.172310	4279.343106	4283.858437	84.779786	87.546143	89.085572	0.000000	0.000000	0.000000	0.000000	0.000000	0.000000	0.000977	0.000977	0.000977				128.000000	128.000000	128.000000	4.000000	4.000000	4.000000	Ada	12
standard	128	12	32	zmq	NA	0	0	3	3	0	38.480469	48.158936	51.266968	2505.944522	2657.866054	3551.000788	86.496948	101.496826	118.138672	0.085449	0.127930	0.135132	3.547485	4.002686	4.376465	0.000000	0.000000	0.000000				128.000000	128.000000	128.000000	4.000000	4.000000	4.000000	Ada	12
standard	128	12	32	zmq	NA	0	1	3	3	0	23.189575	25.104980	98.912598	2919.836410	5098.589906	5557.637945	59.905640	60.574219	61.619629	0.052124	0.059082	0.079956	3.063354	3.609863	208.762940	0.000000	0.000000	0.000000				128.000000	128.000000	128.000000	4.000000	4.000000	4.000000	Ada	12
standard	128	12	64	inproc	0	NA	NA	3	3	0	33.879517	34.217041	35.277588	3631.648192	3740.826097	3778.469065	55.441650	57.577148	62.838013	0.000000	0.000000	0.000000	0.000000	0.000000	0.000000	0.000000	0.000000	0.000489				128.000000	128.000000	128.000000	2.000000	2.000000	2.000000	Ada	12
standard	128	12	64	zmq	NA	0	0	3	3	0	34.642944	38.001953	38.929444	3289.867163	3368.247931	3729.902378	55.283935	57.512939	58.144531	0.031128	0.035156	0.035522	1.946534	1.954102	2.077027	0.000000	0.000000	0.000000				128.000000	128.000000	128.000000	2.000000	2.000000	2.000000	Ada	12
standard	128	12	64	zmq	NA	0	1	3	3	0	36.747070	39.280029	112.915039	1972.398160	3258.653374	3499.899895	48.378540	49.349121	55.451172	0.041016	0.048828	0.050415	1.571900	1.770752	77.994385	0.000000	0.000000	0.000000				128.000000	128.000000	128.000000	2.000000	2.000000	2.000000	Ada	12
standard	128	12	8	inproc	0	NA	NA	3	3	0	23.667969	25.040039	25.521484	5017.167682	5111.813112	5426.389671	135.977051	136.873291	143.270752	0.000000	0.000000	0.000000	0.000000	0.000000	0.000000	0.002442	0.002930	0.002930				128.000000	128.000000	128.000000	16.000000	16.000000	16.000000	Ada	12
standard	128	12	8	zmq	NA	0	0	3	3	0	20.585571	22.768066	24.358032	5277.426146	5621.909112	6288.634016	98.407227	98.750488	109.582153	0.050904	0.051758	0.061035	14.494873	17.112793	17.539428	0.000000	0.000000	0.000000				128.000000	128.000000	128.000000	16.000000	16.000000	16.000000	Ada	12
standard	128	12	8	zmq	NA	0	1	3	3	0	38.500488	58.203857	129.131469	1419.488975	2199.166957	4504.360536	93.723755	99.097168	151.302002	0.074707	0.080322	0.086426	50.141480	77.501953	835.011108	0.000000	0.000000	0.000000				128.000000	128.000000	128.000000	16.000000	16.000000	16.000000	Ada	12
standard	128	2	128	inproc	0	NA	NA	3	3	0	92.450440	95.219971	98.656006	1299.013213	1344.255822	1385.769212	92.103027	94.848145	98.295044	0.000000	0.000000	0.000000	0.000000	0.000000	0.000000	0.000977	0.000977	0.000977				128.000000	128.000000	128.000000	1.000000	1.000000	1.000000	Ada	12
standard	128	2	128	zmq	NA	0	0	3	3	0	60.157959	68.075928	68.918457	1857.544961	1880.253480	2165.241824	57.412841	66.015869	67.385376	0.030152	0.033203	0.039184	0.991455	1.170898	2.223511	0.000000	0.000000	0.000000	0.355467	0.370932	0.445617	128.000000	128.000000	128.000000	1.000000	1.000000	1.000000	Ada	12
standard	128	2	128	zmq	NA	0	1	3	3	0	58.177002	60.156006	69.733032	1870.859855	2127.800843	2202.731024	57.205567	59.257080	68.630005	0.033936	0.038086	0.038574	0.771484	0.864014	0.911011	0.000000	0.000000	0.000000	0.698786	1.021610	1.344434	128.000000	128.000000	128.000000	1.000000	1.000000	1.000000	Ada	12
standard	128	2	16	inproc	0	NA	NA	3	3	0	29.994996	32.541016	34.800538	3693.675268	3933.497389	4298.347631	58.417847	63.975098	65.776489	0.000000	0.000000	0.000000	0.000000	0.000000	0.000000	0.000489	0.000977	0.001099				128.000000	128.000000	128.000000	8.000000	8.000000	8.000000	Ada	12
standard	128	2	16	zmq	NA	0	0	3	3	0	24.573608	24.863037	26.493042	4849.815851	5148.204519	5209.562910	40.125000	40.624756	44.722412	0.039917	0.041992	0.045532	6.188232	6.529297	6.602661	0.000000	0.000000	0.000000				128.000000	128.000000	128.000000	8.000000	8.000000	8.000000	Ada	12
standard	128	2	16	zmq	NA	0	1	3	3	0	28.162354	29.214844	108.455322	2531.644462	4381.334403	4551.431597	48.205933	48.397217	49.344848	0.041993	0.046631	0.049561	5.051758	5.306396	164.031738	0.000000	0.000000	0.000000				128.000000	128.000000	128.000000	8.000000	8.000000	8.000000	Ada	12
standard	128	2	32	inproc	0	NA	NA	3	3	0	37.543945	38.902832	40.277466	3181.661634	3290.248892	3413.810265	69.331177	69.537842	70.528076	0.000000	0.000000	0.000000	0.000000	0.000000	0.000000	0.000489	0.000977	0.001465				128.000000	128.000000	128.000000	4.000000	4.000000	4.000000	Ada	12
standard	128	2	32	zmq	NA	0	0	3	3	0	23.077514	24.457031	26.597534	4843.847990	5233.668743	5566.415243	41.953125	44.084229	48.510010	0.029785	0.030762	0.055420	3.055420	3.447998	3.512451	0.000000	0.000000	0.000000				128.000000	128.000000	128.000000	4.000000	4.000000	4.000000	Ada	12
standard	128	2	32	zmq	NA	0	1	3	3	0	36.751465	46.158936	117.235474	1726.375261	2773.027551	3727.064306	52.437866	54.857910	71.413452	0.039673	0.043213	0.052978	3.098877	3.218994	143.555420	0.000000	0.000000	0.000000				128.000000	128.000000	128.000000	4.000000	4.000000	4.000000	Ada	12
standard	128	2	64	inproc	0	NA	NA	3	3	0	40.962891	41.075928	44.744018	2880.073486	3116.180378	3124.803273	79.456909	79.694824	87.449463	0.000000	0.000000	0.000000	0.000000	0.000000	0.000000	0.000000	0.000000	0.000489				128.000000	128.000000	128.000000	2.000000	2.000000	2.000000	Ada	12
standard	128	2	64	zmq	NA	0	0	3	3	0	22.188477	22.375000	23.130982	5539.620975	5720.670391	5769.167863	40.234131	40.467285	41.765014	0.031128	0.034180	0.042114	1.888428	1.981934	2.090332	0.000000	0.000000	0.000000	0.456779	0.456779	0.456779	128.000000	128.000000	128.000000	2.000000	2.000000	2.000000	Ada	12
standard	128	2	64	zmq	NA	0	1	3	3	0	41.021973	54.461914	59.322022	2172.295450	2350.266277	3495.484363	75.545898	98.365967	105.181518	0.081543	0.088135	0.103638	2.242798	2.653809	2.974854	0.000000	0.000000	0.000000	0.404164	0.431537	0.487314	128.000000	128.000000	128.000000	2.000000	2.000000	2.000000	Ada	12
standard	128	2	8	inproc	0	NA	NA	3	3	0	25.406982	25.434082	38.415039	3761.541812	5032.617251	5037.990875	48.330444	49.337646	69.360839	0.000000	0.000000	0.000000	0.000000	0.000000	0.000000	0.002076	0.003174	0.003174				128.000000	128.000000	128.000000	16.000000	16.000000	16.000000	Ada	12
standard	128	2	8	zmq	NA	0	0	3	3	0	32.819947	36.356934	15039.281006	1762.321664	3520.648948	3945.895954	52.278931	60.175781	74.438232	0.070556	0.078125	0.098144	11.176636	11.452393	15175.371827	0.000000	0.000000	0.000000				124.000000	128.000000	128.000000	16.000000	16.000000	16.000000	Ada	12
standard	128	2	8	zmq	NA	0	1	3	3	0	30.087525	32.125000	33.153442	3864.554678	3984.435798	4273.853856	44.428589	46.071533	52.038819	0.058472	0.059082	0.060303	9.345825	9.456543	10.144287	0.000000	0.000000	0.000000				128.000000	128.000000	128.000000	16.000000	16.000000	16.000000	Ada	12
standard	128	4	128	inproc	0	NA	NA	3	3	0	83.614502	85.219971	117.591919	1177.767145	1501.995353	1531.399512	83.065064	84.727051	117.128052	0.000000	0.000000	0.000000	0.000000	0.000000	0.000000	0.000000	0.000000	0.000489				128.000000	128.000000	128.000000	1.000000	1.000000	1.000000	Ada	12
standard	128	4	128	zmq	NA	0	0	3	3	0	73.996460	84.904053	85.409058	1498.722486	1507.584101	1768.234104	71.075074	80.850098	81.359620	0.072998	0.076904	0.084961	1.708984	2.249023	2.266479	0.000000	0.000000	0.000000				128.000000	128.000000	128.000000	1.000000	1.000000	1.000000	Ada	12
standard	128	4	128	zmq	NA	0	1	3	3	0	46.662964	46.900879	50.308472	2556.029878	2729.159943	2743.146104	45.083496	45.385010	48.593995	0.029541	0.031982	0.035034	1.068359	1.109863	1.180420	0.000000	0.000000	0.000000				128.000000	128.000000	128.000000	1.000000	1.000000	1.000000	Ada	12
standard	128	4	16	inproc	0	NA	NA	3	3	0	26.045898	26.193848	26.582397	4816.245539	4886.643676	4914.559983	91.111939	91.302002	92.058228	0.000000	0.000000	0.000000	0.000000	0.000000	0.000000	0.000977	0.000977	0.001465				128.000000	128.000000	128.000000	8.000000	8.000000	8.000000	Ada	12
standard	128	4	16	zmq	NA	0	0	3	3	0	17.648438	18.482910	24.860473	5511.442477	6925.316355	7269.017986	51.475097	53.043457	62.280273	0.042359	0.046631	0.050659	4.825562	4.829102	5.504639	0.000000	0.000000	0.000000				128.000000	128.000000	128.000000	8.000000	8.000000	8.000000	Ada	12
standard	128	4	16	zmq	NA	0	1	3	3	0	23.057496	23.889893	28.063354	4664.264917	5357.914423	5558.584603	67.099366	67.219727	86.097290	0.059082	0.066162	0.073731	6.233765	6.429932	6.949952	0.000000	0.000000	0.000000				128.000000	128.000000	128.000000	8.000000	8.000000	8.000000	Ada	12
standard	128	4	32	inproc	0	NA	NA	3	3	0	36.204589	38.208984	70.286499	2300.218443	3349.997444	3546.333065	117.497924	122.621826	203.147583	0.000000	0.000000	0.000000	0.000000	0.000000	0.000000	0.001587	0.002197	0.003052				128.000000	128.000000	128.000000	4.000000	4.000000	4.000000	Ada	12
standard	128	4	32	zmq	NA	0	0	3	3	0	34.745605	40.875000	177.086060	1770.028165	3131.498471	3802.243792	121.942505	146.143066	156.786377	0.122925	0.131104	0.146240	4.665039	4.760010	387.285766	0.000000	0.000000	0.000000				128.000000	128.000000	128.000000	4.000000	4.000000	4.000000	Ada	12
standard	128	4	32	zmq	NA	0	1	3	3	0	176.674926	187.845947	193.607910	661.716105	681.409431	727.402537	98.532715	99.093750	129.190796	0.133912	0.145020	0.157471	462.554077	468.028076	511.694702	0.000000	0.000000	0.000000				128.000000	128.000000	128.000000	4.000000	4.000000	4.000000	Ada	12
standard	128	4	64	inproc	0	NA	NA	3	3	0	85.773560	90.685059	102.152466	1269.020934	1411.478384	1497.210490	140.499877	150.005859	176.302978	0.000000	0.000000	0.000000	0.000000	0.000000	0.000000	0.000977	0.000977	0.001465				128.000000	128.000000	128.000000	2.000000	2.000000	2.000000	Ada	12
standard	128	4	64	zmq	NA	0	0	3	3	0	41.697022	48.065918	123.435547	1653.427998	2663.009580	3143.092583	77.686768	88.447754	140.505249	0.060669	0.080078	0.092163	2.062378	2.064697	58.532714	0.000000	0.000000	0.000000				128.000000	128.000000	128.000000	2.000000	2.000000	2.000000	Ada	12
standard	128	4	64	zmq	NA	0	1	3	3	0	110.614502	166.586914	252.868408	572.890954	768.367676	1555.442115	93.530029	95.688965	105.175537	0.060425	0.066895	0.095947	109.442627	216.412109	377.644043	0.000000	0.000000	0.000000				128.000000	128.000000	128.000000	2.000000	2.000000	2.000000	Ada	12
standard	128	4	8	inproc	0	NA	NA	3	3	0	25.568481	26.318848	28.653931	4496.965456	4863.434816	5010.478905	94.597901	96.174805	103.875367	0.000000	0.000000	0.000000	0.000000	0.000000	0.000000	0.002930	0.002930	0.003418				128.000000	128.000000	128.000000	16.000000	16.000000	16.000000	Ada	12
standard	128	4	8	zmq	NA	0	0	3	3	0	176.167115	187.269043	192.730957	664.672067	683.508593	729.479908	59.873902	60.302002	63.669434	0.069946	0.070068	0.070312	569.335816	607.149170	612.148072	0.000000	0.000000	0.000000				128.000000	128.000000	128.000000	16.000000	16.000000	16.000000	Ada	12
standard	128	4	8	zmq	NA	0	1	3	3	0	20.352905	22.372803	110.096924	3184.140842	5721.232226	6351.587188	56.984375	57.822754	64.405395	0.057007	0.066650	0.069458	9.660400	10.189209	341.471069	0.000000	0.000000	0.000000				128.000000	128.000000	128.000000	16.000000	16.000000	16.000000	Ada	12
standard	128	8	128	inproc	0	NA	NA	3	3	0	55.478027	56.020020	57.726441	2219.294071	2284.897454	2307.439972	52.313598	55.128174	56.941040	0.000000	0.000000	0.000000	0.000000	0.000000	0.000000	0.000000	0.000000	0.000000				128.000000	128.000000	128.000000	1.000000	1.000000	1.000000	Ada	12
standard	128	8	128	zmq	NA	0	0	3	3	0	96.420044	124.490967	176.514893	794.133479	1028.187051	1450.462553	58.210449	64.086914	65.480469	0.038940	0.051025	0.051025	35.900512	70.837158	114.396606	0.000000	0.000000	0.000000				128.000000	128.000000	128.000000	1.000000	1.000000	1.000000	Ada	12
standard	128	8	128	zmq	NA	0	1	3	3	0	80.231567	112.799072	127.374511	1018.243688	1134.761106	1910.111253	46.867432	50.053955	56.147461	0.037110	0.038086	0.039551	30.548828	60.185791	69.518433	0.000000	0.000000	0.000000				128.000000	128.000000	128.000000	1.000000	1.000000	1.000000	Ada	12
standard	128	8	16	inproc	0	NA	NA	3	3	0	12.536133	13.399170	14.088135	9107.441107	9552.830567	10259.108275	87.727173	91.817383	93.005616	0.000000	0.000000	0.000000	0.000000	0.000000	0.000000	0.001465	0.001953	0.002442				128.000000	128.000000	128.000000	8.000000	8.000000	8.000000	Ada	12
standard	128	8	16	zmq	NA	0	0	3	3	0	17.264038	22.279053	163.804565	3082.262774	5745.307106	8097.559876	75.338379	76.197021	78.820190	0.046997	0.047119	0.047852	8.901490	13.580811	719.112549	0.000000	0.000000	0.000000				128.000000	128.000000	128.000000	8.000000	8.000000	8.000000	Ada	12
standard	128	8	16	zmq	NA	0	1	3	3	0	15.288086	17.864990	107.904419	3905.749709	7164.851384	8617.362790	89.752075	101.869385	105.192871	0.053589	0.058594	0.060913	5.887207	6.630859	521.054443	0.000000	0.000000	0.000000				128.000000	128.000000	128.000000	8.000000	8.000000	8.000000	Ada	12
standard	128	8	32	inproc	0	NA	NA	3	3	0	29.197021	31.720947	32.172973	3979.280048	4035.188449	4417.015751	105.079589	111.578857	113.435058	0.000000	0.000000	0.000000	0.000000	0.000000	0.000000	0.001465	0.001953	0.002442				128.000000	128.000000	128.000000	4.000000	4.000000	4.000000	Ada	12
standard	128	8	32	zmq	NA	0	0	3	3	0	21.260499	22.093018	24.791504	5224.962992	5793.685699	6029.800912	70.158081	71.003906	81.037475	0.050781	0.067871	0.069946	3.038940	3.381836	3.458984	0.000000	0.000000	0.000000				128.000000	128.000000	128.000000	4.000000	4.000000	4.000000	Ada	12
standard	128	8	32	zmq	NA	0	1	3	3	0	22.443481	22.856934	23.489502	5453.197571	5600.051270	5705.151141	67.619506	68.364990	72.091431	0.041138	0.044189	0.045166	2.747680	2.762695	2.946411	0.000000	0.000000	0.000000				128.000000	128.000000	128.000000	4.000000	4.000000	4.000000	Ada	12
standard	128	8	64	inproc	0	NA	NA	3	3	0	34.097046	36.897217	38.602051	3322.366244	3469.096347	3779.480774	65.704712	71.758301	73.502197	0.000000	0.000000	0.000000	0.000000	0.000000	0.000000	0.000000	0.000000	0.000000				128.000000	128.000000	128.000000	2.000000	2.000000	2.000000	Ada	12
standard	128	8	64	zmq	NA	0	0	3	3	0	73.304931	116.463867	156.295410	875.845909	1099.053321	2672.528329	74.542480	95.489014	103.916504	0.088013	0.102051	0.138550	51.944336	101.723877	160.881470	0.000000	0.000000	0.000000				128.000000	128.000000	128.000000	2.000000	2.000000	2.000000	Ada	12
standard	128	8	64	zmq	NA	0	1	3	3	0	27.544434	29.524902	134.627929	2434.627639	4335.323400	4671.185718	49.814087	54.564941	56.472046	0.035401	0.041992	0.042968	1.879517	1.907959	182.507080	0.000000	0.000000	0.000000				128.000000	128.000000	128.000000	2.000000	2.000000	2.000000	Ada	12
standard	128	8	8	inproc	0	NA	NA	3	3	0	12.292603	12.792969	13.072021	9796.369859	10005.496183	10430.047733	79.832641	80.040283	83.844605	0.000000	0.000000	0.000000	0.000000	0.000000	0.000000	0.001465	0.001953	0.002075				128.000000	128.000000	128.000000	16.000000	16.000000	16.000000	Ada	12
standard	128	8	8	zmq	NA	0	0	3	3	0	28.589966	40.202881	118.644409	1916.657157	3183.851437	5361.720651	83.713868	84.629883	133.426392	0.081177	0.095947	0.127808	14.707520	20.952148	550.858032	0.000000	0.000000	0.000000				128.000000	128.000000	128.000000	16.000000	16.000000	16.000000	Ada	12
standard	128	8	8	zmq	NA	0	1	3	3	0	14.053345	14.610840	100.362915	4724.182891	8760.618922	9122.508126	75.887940	77.835205	79.583863	0.068848	0.075928	0.104858	10.107666	11.924072	512.892334	0.000000	0.000000	0.000000				128.000000	128.000000	128.000000	16.000000	16.000000	16.000000	Ada	12
standard	256	1	128	inproc	0	NA	NA	3	3	0	114.755494	114.976807	120.717408	2125.461713	2226.536007	2230.838325	114.728027	114.952148	120.685424	0.000000	0.000000	0.000000	0.000000	0.000000	0.000000	0.001099	0.001221	0.001587				256.000000	256.000000	256.000000	2.000000	2.000000	2.000000	Ada	12
standard	256	1	128	zmq	NA	0	0	3	3	0	76.197022	76.406006	84.536499	3056.551088	3350.521953	3359.736650	74.520630	74.818115	82.915527	0.037964	0.038086	0.043091	1.551880	1.584717	1.645752	0.000000	0.000000	0.000000				256.000000	256.000000	256.000000	2.000000	2.000000	2.000000	Ada	12
standard	256	1	128	zmq	NA	0	1	3	3	0	78.584595	79.130127	91.866089	2841.274087	3235.177420	3257.792935	76.840942	76.990967	89.859985	0.045044	0.050049	0.050415	1.538940	1.794922	1.932495	0.000000	0.000000	0.000000				256.000000	256.000000	256.000000	2.000000	2.000000	2.000000	Ada	12
standard	256	1	16	inproc	0	NA	NA	3	3	0	107.955444	110.848877	111.763428	2290.705896	2309.450551	2373.053365	107.899659	110.801270	111.715454	0.000000	0.000000	0.000000	0.000000	0.000000	0.000000	0.002564	0.003174	0.003174				256.000000	256.000000	256.000000	16.000000	16.000000	16.000000	Ada	12
standard	256	1	16	zmq	NA	0	0	3	3	0	94.099488	104.178955	109.864990	2336.390791	2457.310114	2752.101501	82.362671	92.102539	98.060058	0.101196	0.113037	0.120849	11.218872	11.263184	11.582520	0.000000	0.000000	0.000000				256.000000	256.000000	256.000000	16.000000	16.000000	16.000000	Ada	12
standard	256	1	16	zmq	NA	0	1	3	3	0	109.347901	112.495850	116.468995	2200.570727	2275.639509	2343.093378	96.807495	98.928467	103.482056	0.121338	0.121338	0.124390	11.767578	12.210938	12.787598	0.000000	0.000000	0.000000				256.000000	256.000000	256.000000	16.000000	16.000000	16.000000	Ada	12
standard	256	1	32	inproc	0	NA	NA	3	3	0	134.934448	163.012939	183.103027	1415.156345	1570.427482	1983.087996	134.896119	162.973145	183.061157	0.000000	0.000000	0.000000	0.000000	0.000000	0.000000	0.000977	0.001953	0.003418				256.000000	256.000000	256.000000	8.000000	8.000000	8.000000	Ada	12
standard	256	1	32	zmq	NA	0	0	3	3	0	325.546997	404.290039	420.343506	609.915313	633.208774	835.234649	143.315674	154.008301	242.352539	0.103272	0.108643	0.256348	109.611084	114.007324	182.062256	0.000000	0.000000	0.000000				256.000000	256.000000	256.000000	8.000000	8.000000	8.000000	Ada	12
standard	256	1	32	zmq	NA	0	1	3	3	0	209.801025	247.375000	250.991943	1020.164910	1034.866094	1260.638017	201.708496	238.552246	242.611084	0.166260	0.186523	0.201294	7.418457	7.677979	8.108398	0.000000	0.000000	0.000000				256.000000	256.000000	256.000000	8.000000	8.000000	8.000000	Ada	12
standard	256	1	64	inproc	0	NA	NA	3	3	0	146.339600	157.372070	161.711060	1584.210992	1626.718130	1759.355045	146.308960	157.340088	161.674194	0.000000	0.000000	0.000000	0.000000	0.000000	0.000000	0.000000	0.000000	0.000977				256.000000	256.000000	256.000000	4.000000	4.000000	4.000000	Ada	12
standard	256	1	64	zmq	NA	0	0	3	3	0	82.586669	89.327148	92.903564	2759.635131	2865.870057	3120.560968	79.075928	85.823730	89.548828	0.051880	0.057861	0.064209	3.260254	3.414795	3.431396	0.000000	0.000000	0.000000				256.000000	256.000000	256.000000	4.000000	4.000000	4.000000	Ada	12
standard	256	1	64	zmq	NA	0	1	3	3	0	98.503418	117.130859	117.683960	2175.365742	2185.589702	2695.279171	95.330078	114.167236	114.640015	0.056030	0.062256	0.068603	2.946411	3.030762	3.170288	0.000000	0.000000	0.000000				256.000000	256.000000	256.000000	4.000000	4.000000	4.000000	Ada	12
standard	256	1	8	inproc	0	NA	NA	3	3	0	103.369507	106.316895	109.013916	2349.762274	2407.895764	2478.567469	103.322266	106.270020	108.967529	0.000000	0.000000	0.000000	0.000000	0.000000	0.000000	0.003418	0.004883	0.005005				256.000000	256.000000	256.000000	32.000000	32.000000	32.000000	Ada	12
standard	256	1	8	zmq	NA	0	0	3	3	0	94.296997	96.465820	106.058471	2433.671822	2653.789696	2716.263536	74.712525	78.456299	88.582520	0.124145	0.132324	0.167847	17.195557	17.820557	19.373536	0.000000	0.000000	0.000000				256.000000	256.000000	256.000000	32.000000	32.000000	32.000000	Ada	12
standard	256	1	8	zmq	NA	0	1	3	3	0	92.458618	95.231201	100.213989	2560.864608	2688.194592	2771.298306	71.836547	73.502441	80.492797	0.121582	0.124756	0.130127	18.414062	19.306641	20.425660	0.000000	0.000000	0.000000				256.000000	256.000000	256.000000	32.000000	32.000000	32.000000	Ada	12
standard	256	12	128	inproc	0	NA	NA	3	3	0	115.300904	155.520996	193.951538	1373.856995	1646.079992	2527.869753	208.000122	269.976074	332.185547	0.000000	0.000000	0.000000	0.000000	0.000000	0.000000	0.000977	0.000977	0.001465				256.000000	256.000000	256.000000	2.000000	2.000000	2.000000	Ada	12
standard	256	12	128	zmq	NA	0	0	3	3	0	125.541016	132.364014	141.002564	1822.410107	1934.060421	2045.215331	208.462402	216.006836	228.121949	0.134155	0.139160	0.158570	2.855591	3.437256	3.469604	0.000000	0.000000	0.000000				256.000000	256.000000	256.000000	2.000000	2.000000	2.000000	Ada	12
standard	256	12	128	zmq	NA	0	1	3	3	0	129.361450	170.103760	183.164917	1404.790724	1504.963796	2196.865121	134.111572	146.063965	186.795044	0.098511	0.115967	0.123413	21.079468	39.544922	105.284424	0.000000	0.000000	0.000000				256.000000	256.000000	256.000000	2.000000	2.000000	2.000000	Ada	12
standard	256	12	16	inproc	0	NA	NA	3	3	0	56.893067	69.101074	73.318481	3503.207476	3704.718094	4716.851207	376.906372	430.532227	477.036133	0.000000	0.000000	0.000000	0.000000	0.000000	0.000000	0.005981	0.006104	0.006714				256.000000	256.000000	256.000000	16.000000	16.000000	16.000000	Ada	12
standard	256	12	16	zmq	NA	0	0	3	3	0	122.726562	201.005127	205.111084	1248.604525	1273.599355	3516.569423	273.382568	322.516113	346.020508	0.137451	0.153076	0.165039	562.946045	1117.260498	1332.627319	0.000000	0.000000	0.000000				256.000000	256.000000	256.000000	16.000000	16.000000	16.000000	Ada	12
standard	256	12	16	zmq	NA	0	1	3	3	0	120.179077	200.051025	271.223511	1013.672907	1279.673521	3815.453667	248.318848	263.252441	329.944213	0.140137	0.142090	0.175293	714.451050	1416.824951	1525.119262	0.000000	0.000000	0.000000				256.000000	256.000000	256.000000	16.000000	16.000000	16.000000	Ada	12
standard	256	12	32	inproc	0	NA	NA	3	3	0	44.901123	46.795166	47.176026	5426.838823	5470.650535	5711.579405	235.862426	243.298828	249.792481	0.000000	0.000000	0.000000	0.000000	0.000000	0.000000	0.002442	0.002930	0.003418				256.000000	256.000000	256.000000	8.000000	8.000000	8.000000	Ada	12
standard	256	12	32	zmq	NA	0	0	3	3	0	30.141968	34.281006	35.206421	7276.428331	7467.692198	8656.368351	158.973999	167.415039	169.753540	0.093872	0.100830	0.124023	5.342529	5.493164	7.181153	0.000000	0.000000	0.000000				256.000000	256.000000	256.000000	8.000000	8.000000	8.000000	Ada	12
standard	256	12	32	zmq	NA	0	1	3	3	0	142.874024	261.299072	314.532593	837.907432	979.720279	5725.253527	181.626831	206.826416	215.023072	0.124756	0.134277	0.168823	496.642090	988.373291	1494.403564	0.000000	0.000000	0.000000				256.000000	256.000000	256.000000	8.000000	8.000000	8.000000	Ada	12
standard	256	12	64	inproc	0	NA	NA	3	3	0	60.584350	66.942871	66.956421	3823.382539	3824.156267	4272.576807	178.425415	190.376953	205.112915	0.000000	0.000000	0.000000	0.000000	0.000000	0.000000	0.000000	0.000000	0.000000				256.000000	256.000000	256.000000	4.000000	4.000000	4.000000	Ada	12
standard	256	12	64	zmq	NA	0	0	3	3	0	39.626465	40.153076	40.268555	6357.370094	6375.601184	6461.470145	109.148071	110.558105	111.916016	0.068970	0.081055	0.081055	2.919434	3.230713	3.297242	0.000000	0.000000	0.000000				256.000000	256.000000	256.000000	4.000000	4.000000	4.000000	Ada	12
standard	256	12	64	zmq	NA	0	1	3	3	0	46.647339	50.934814	125.289917	3154.153885	5026.031856	5534.744283	141.653931	154.980225	160.752319	0.116699	0.123779	0.142456	3.425537	3.506104	213.041016	0.000000	0.000000	0.000000				256.000000	256.000000	256.000000	4.000000	4.000000	4.000000	Ada	12
standard	256	12	8	inproc	0	NA	NA	3	3	0	58.206909	61.541992	75.086426	3524.072919	4159.761342	4412.589620	389.470704	403.645264	424.155395	0.000000	0.000000	0.000000	0.000000	0.000000	0.000000	0.011718	0.012695	0.012817				256.000000	256.000000	256.000000	32.000000	32.000000	32.000000	Ada	12
standard	256	12	8	zmq	NA	0	0	3	3	0	28.628540	31.112061	34.512451	7490.324909	8228.320320	9009.930073	182.608032	184.146484	192.659057	0.125855	0.134277	0.136719	17.663208	25.822754	29.374756	0.000000	0.000000	0.000000				256.000000	256.000000	256.000000	32.000000	32.000000	32.000000	Ada	12
standard	256	12	8	zmq	NA	0	1	3	3	0	118.221557	199.891113	289.005004	978.866489	1280.697255	4142.208803	192.806030	195.452148	330.747925	0.133301	0.145264	0.350586	770.278565	1522.110840	2310.718628	0.000000	0.000000	0.000000				256.000000	256.000000	256.000000	32.000000	32.000000	32.000000	Ada	12
standard	256	2	128	inproc	0	NA	NA	3	3	0	53.193359	55.331787	57.203980	4480.011872	4626.635310	4820.421198	104.343384	108.236084	111.880005	0.000000	0.000000	0.000000	0.000000	0.000000	0.000000	0.000000	0.000000	0.000000				256.000000	256.000000	256.000000	2.000000	2.000000	2.000000	Ada	12
standard	256	2	128	zmq	NA	0	0	3	3	0	42.161011	43.814941	54.500488	4884.988625	5842.755731	6081.319282	80.026489	83.230957	105.187012	0.064087	0.080078	0.117065	1.939453	1.993896	2.018311	0.000000	0.000000	0.000000				256.000000	256.000000	256.000000	2.000000	2.000000	2.000000	Ada	12
standard	256	2	128	zmq	NA	0	1	3	3	0	193.220337	198.644775	269.343384	1020.790403	1288.732611	1325.957337	77.260987	82.065918	89.301880	0.045166	0.046143	0.064576	254.111329	265.620850	347.959961	0.000000	0.000000	0.000000				256.000000	256.000000	256.000000	2.000000	2.000000	2.000000	Ada	12
standard	256	2	16	inproc	0	NA	NA	3	3	0	59.626587	61.562012	63.137940	4057.142045	4158.408617	4297.915032	116.026245	121.778564	124.863037	0.000000	0.000000	0.000000	0.000000	0.000000	0.000000	0.003418	0.003906	0.004882				256.000000	256.000000	256.000000	16.000000	16.000000	16.000000	Ada	12
standard	256	2	16	zmq	NA	0	0	3	3	0	44.510498	44.791016	46.023072	5566.416751	5715.431910	5751.680606	77.256470	77.746826	79.636109	0.074341	0.079590	0.107544	11.163208	11.284424	11.501587	0.000000	0.000000	0.000000				256.000000	256.000000	256.000000	16.000000	16.000000	16.000000	Ada	12
standard	256	2	16	zmq	NA	0	1	3	3	0	46.048828	47.246826	51.829346	4978.202884	5418.353374	5563.081504	77.477051	77.788818	89.078491	0.081909	0.082031	0.093140	10.821900	11.204834	12.207886	0.000000	0.000000	0.000000				256.000000	256.000000	256.000000	16.000000	16.000000	16.000000	Ada	12
standard	256	2	32	inproc	0	NA	NA	3	3	0	53.612549	61.753174	66.185058	3885.364113	4145.535915	4887.691744	102.523926	115.487061	126.296509	0.000000	0.000000	0.000000	0.000000	0.000000	0.000000	0.000489	0.000977	0.000977				256.000000	256.000000	256.000000	8.000000	8.000000	8.000000	Ada	12
standard	256	2	32	zmq	NA	0	0	3	3	0	44.630859	47.910889	52.730469	4895.777528	5343.253008	5767.090362	82.119629	88.378662	97.021362	0.070556	0.071045	0.086670	6.280883	6.305908	6.651855	0.000000	0.000000	0.000000				256.000000	256.000000	256.000000	8.000000	8.000000	8.000000	Ada	12
standard	256	2	32	zmq	NA	0	1	3	3	0	42.274536	43.498047	43.748047	5851.880906	5885.321719	6060.731572	75.616456	77.186768	78.893433	0.059326	0.062012	0.062622	6.051147	6.598389	6.722656	0.000000	0.000000	0.000000				256.000000	256.000000	256.000000	8.000000	8.000000	8.000000	Ada	12
standard	256	2	64	inproc	0	NA	NA	3	3	0	47.205444	49.991943	58.157959	4490.333093	5120.825133	5442.065859	92.489624	97.857178	113.737549	0.000000	0.000000	0.000000	0.000000	0.000000	0.000000	0.000489	0.000977	0.001465				256.000000	256.000000	256.000000	4.000000	4.000000	4.000000	Ada	12
standard	256	2	64	zmq	NA	0	0	3	3	0	39.658447	41.053955	42.425904	6040.365983	6235.696403	6463.121770	74.521606	76.772217	77.585205	0.049561	0.052002	0.081421	3.180664	3.218262	3.339478	0.000000	0.000000	0.000000				256.000000	256.000000	256.000000	4.000000	4.000000	4.000000	Ada	12
standard	256	2	64	zmq	NA	0	1	3	3	0	43.309936	44.865967	119.102905	3514.988648	5705.883953	5918.523415	82.156494	84.511963	95.085572	0.051636	0.052246	0.068603	3.193604	3.350342	132.960205	0.000000	0.000000	0.000000				256.000000	256.000000	256.000000	4.000000	4.000000	4.000000	Ada	12
standard	256	2	8	inproc	0	NA	NA	3	3	0	51.138916	54.910889	56.884400	4505.778438	4662.099015	5033.356030	100.093506	108.347412	111.202515	0.000000	0.000000	0.000000	0.000000	0.000000	0.000000	0.001953	0.002930	0.004883				256.000000	256.000000	256.000000	32.000000	32.000000	32.000000	Ada	12
standard	256	2	8	zmq	NA	0	0	3	3	0	54.678955	59.367920	60.981933	4200.907387	4312.093136	4716.559171	86.329712	93.833740	100.486206	0.112305	0.123535	0.164307	18.005005	18.674072	21.016235	0.000000	0.000000	0.000000				256.000000	256.000000	256.000000	32.000000	32.000000	32.000000	Ada	12
standard	256	2	8	zmq	NA	0	1	3	3	0	68.514038	79.227051	106.920533	2566.476630	3231.219608	3830.103390	106.863770	119.635986	182.439209	0.121338	0.137939	0.182007	21.557129	22.270752	24.107666	0.000000	0.000000	0.000000				256.000000	256.000000	256.000000	32.000000	32.000000	32.000000	Ada	12
standard	256	4	128	inproc	0	NA	NA	3	3	0	59.280029	61.895020	70.026489	3705.726857	4136.035531	4326.906176	115.788574	121.563232	137.353149	0.000000	0.000000	0.000000	0.000000	0.000000	0.000000	0.000000	0.000000	0.000977				256.000000	256.000000	256.000000	2.000000	2.000000	2.000000	Ada	12
standard	256	4	128	zmq	NA	0	0	3	3	0	87.056518	122.344971	144.461426	1814.631343	2092.444001	3518.788756	164.077026	232.751221	271.428101	0.100952	0.132812	0.239502	2.755493	3.281006	3.376465	0.000000	0.000000	0.000000				256.000000	256.000000	256.000000	2.000000	2.000000	2.000000	Ada	12
standard	256	4	128	zmq	NA	0	1	3	3	0	147.338989	199.096924	250.296875	1067.451367	1285.805903	1982.080474	132.566040	174.788086	245.967651	0.089356	0.109863	0.114379	126.341065	250.196045	255.362549	0.000000	0.000000	0.000000				256.000000	256.000000	256.000000	2.000000	2.000000	2.000000	Ada	12
standard	256	4	16	inproc	0	NA	NA	3	3	0	31.591309	37.184814	48.880371	5555.315987	6884.530789	8365.758403	116.625244	134.185547	165.165772	0.000000	0.000000	0.000000	0.000000	0.000000	0.000000	0.001465	0.001953	0.003051				256.000000	256.000000	256.000000	16.000000	16.000000	16.000000	Ada	12
standard	256	4	16	zmq	NA	0	0	3	3	0	32.640869	33.077881	33.080933	7738.596887	7739.310783	7844.334521	109.022583	113.704346	114.659058	0.087280	0.102295	0.115357	8.193482	8.464844	9.536133	0.000000	0.000000	0.000000				256.000000	256.000000	256.000000	16.000000	16.000000	16.000000	Ada	12
standard	256	4	16	zmq	NA	0	1	3	3	0	28.735962	29.294922	29.562866	8660.223598	8738.715914	8912.069783	94.117310	95.485596	98.008912	0.081543	0.088379	0.089111	8.760376	8.843262	9.024780	0.000000	0.000000	0.000000				256.000000	256.000000	256.000000	16.000000	16.000000	16.000000	Ada	12
standard	256	4	32	inproc	0	NA	NA	3	3	0	35.156982	36.311035	37.007568	6919.955294	7050.198346	7289.480689	128.405640	129.373047	134.471436	0.000000	0.000000	0.000000	0.000000	0.000000	0.000000	0.000489	0.000977	0.001953				256.000000	256.000000	256.000000	8.000000	8.000000	8.000000	Ada	12
standard	256	4	32	zmq	NA	0	0	3	3	0	121.620972	186.780029	369.365478	917.202779	1370.596209	2952.312997	203.349121	216.202881	367.717529	0.176513	0.193115	0.234741	12.786133	17.344482	936.952026	0.000000	0.000000	0.000000	0.537120	0.537120	0.537120	256.000000	256.000000	256.000000	8.000000	8.000000	8.000000	Ada	12
standard	256	4	32	zmq	NA	0	1	3	3	0	32.473511	34.369873	39.980346	6531.774554	7448.383637	7910.324488	103.182617	109.501221	130.578370	0.094605	0.096191	0.099487	4.809448	4.832031	4.924316	0.000000	0.000000	0.000000	0.362633	0.380572	0.389627	256.000000	256.000000	256.000000	8.000000	8.000000	8.000000	Ada	12
standard	256	4	64	inproc	0	NA	NA	3	3	0	31.935547	32.047119	33.484497	7659.443152	7988.237535	8016.243646	104.965088	113.402100	114.952637	0.000000	0.000000	0.000000	0.000000	0.000000	0.000000	0.000000	0.000000	0.000000				256.000000	256.000000	256.000000	4.000000	4.000000	4.000000	Ada	12
standard	256	4	64	zmq	NA	0	0	3	3	0	28.747070	29.483154	31.346069	8195.840842	8682.924406	8911.097792	93.977051	94.756104	102.302002	0.066528	0.069824	0.073974	2.604859	2.608887	2.691040	0.000000	0.000000	0.000000	0.403939	0.418819	0.502062	256.000000	256.000000	256.000000	4.000000	4.000000	4.000000	Ada	12
standard	256	4	64	zmq	NA	0	1	3	3	0	36.061035	37.226074	37.906006	6755.720839	6876.900274	7106.492730	120.680542	124.723877	131.774048	0.097412	0.097900	0.128784	3.269531	3.394775	3.867797	0.000000	0.000000	0.000000				256.000000	256.000000	256.000000	4.000000	4.000000	4.000000	Ada	12
standard	256	4	8	inproc	0	NA	NA	3	3	0	30.168579	31.450928	32.656372	7849.901177	8139.664501	8501.009248	112.874877	117.203857	121.907837	0.000000	0.000000	0.000000	0.000000	0.000000	0.000000	0.005127	0.008301	0.010132				256.000000	256.000000	256.000000	32.000000	32.000000	32.000000	Ada	12
standard	256	4	8	zmq	NA	0	0	3	3	0	29.927490	30.583984	32.876953	7824.670550	8370.394023	8558.126433	95.367065	95.779785	99.950195	0.084229	0.085693	0.095703	15.490479	15.538086	15.959107	0.000000	0.000000	0.000000				256.000000	256.000000	256.000000	32.000000	32.000000	32.000000	Ada	12
standard	256	4	8	zmq	NA	0	1	3	3	0	35.414550	40.488037	180.154419	3561.651774	6322.855299	7380.132639	103.851685	107.042480	112.912109	0.097412	0.102051	0.150268	24.282470	33.343750	589.464844	0.000000	0.000000	0.000000				256.000000	256.000000	256.000000	32.000000	32.000000	32.000000	Ada	12
standard	256	8	128	inproc	0	NA	NA	3	3	0	104.603515	113.541992	117.124511	2187.754974	2254.672435	2465.338075	196.607544	207.227051	219.572510	0.000000	0.000000	0.000000	0.000000	0.000000	0.000000	0.000977	0.000977	0.001953				256.000000	256.000000	256.000000	2.000000	2.000000	2.000000	Ada	12
standard	256	8	128	zmq	NA	0	0	3	3	0	67.887085	81.336182	94.497559	2762.655242	3147.430760	3925.014612	124.384522	143.669922	172.869995	0.090576	0.092041	0.103882	2.064331	2.373779	2.496948	0.000000	0.000000	0.000000				256.000000	256.000000	256.000000	2.000000	2.000000	2.000000	Ada	12
standard	256	8	128	zmq	NA	0	1	3	3	0	157.062134	182.682129	277.684082	1044.123250	1401.341234	1674.483135	151.663086	163.427246	193.561157	0.124390	0.139893	0.175416	116.496948	153.522949	298.608886	0.000000	0.000000	0.000000				256.000000	256.000000	256.000000	2.000000	2.000000	2.000000	Ada	12
standard	256	8	16	inproc	0	NA	NA	3	3	0	30.227905	34.671875	35.091431	7296.271340	7383.506084	8656.084409	199.076660	217.123047	218.029541	0.000000	0.000000	0.000000	0.000000	0.000000	0.000000	0.003418	0.003906	0.004516				256.000000	256.000000	256.000000	16.000000	16.000000	16.000000	Ada	12
standard	256	8	16	zmq	NA	0	0	3	3	0	27.025513	28.060059	179.873536	4947.550050	9123.288148	9486.432021	164.349609	169.482178	170.577515	0.118042	0.121338	0.126953	11.824463	13.578125	926.873657	0.000000	0.000000	0.000000				256.000000	256.000000	256.000000	16.000000	16.000000	16.000000	Ada	12
standard	256	8	16	zmq	NA	0	1	3	3	0	31.932983	38.477051	44.289917	5881.406587	6653.316582	8368.228397	172.722412	187.062988	194.607421	0.105102	0.108398	0.143066	12.967163	15.644287	16.294922	0.000000	0.000000	0.000000				256.000000	256.000000	256.000000	16.000000	16.000000	16.000000	Ada	12
standard	256	8	32	inproc	0	NA	NA	3	3	0	53.177978	62.986084	82.688598	3282.303412	4064.389843	4983.552419	303.437378	369.091309	435.887207	0.000000	0.000000	0.000000	0.000000	0.000000	0.000000	0.002442	0.002930	0.003540				256.000000	256.000000	256.000000	8.000000	8.000000	8.000000	Ada	12
standard	256	8	32	zmq	NA	0	0	3	3	0	127.883423	231.805908	277.956054	947.118375	1104.372196	5894.214139	175.739136	192.011230	233.785034	0.119873	0.123535	0.228150	343.676635	681.993164	1110.180542	0.000000	0.000000	0.000000				256.000000	256.000000	256.000000	8.000000	8.000000	8.000000	Ada	12
standard	256	8	32	zmq	NA	0	1	3	3	0	169.603027	309.223145	309.494507	827.155866	827.881110	4683.039163	256.738769	330.651611	381.918457	0.190307	0.202148	0.231933	623.880494	1241.586182	1333.142579	0.000000	0.000000	0.000000				256.000000	256.000000	256.000000	8.000000	8.000000	8.000000	Ada	12
standard	256	8	64	inproc	0	NA	NA	3	3	0	49.007934	49.351074	50.260498	5095.131403	5187.323763	5223.900028	169.739013	177.668213	178.749024	0.000000	0.000000	0.000000	0.000000	0.000000	0.000000	0.000489	0.000977	0.000977				256.000000	256.000000	256.000000	4.000000	4.000000	4.000000	Ada	12
standard	256	8	64	zmq	NA	0	0	3	3	0	52.453003	60.239990	185.110595	2537.762609	4249.668684	4990.547753	160.341065	160.812012	182.643555	0.108033	0.124268	0.143677	3.633422	4.051025	460.414551	0.000000	0.000000	0.000000				256.000000	256.000000	256.000000	4.000000	4.000000	4.000000	Ada	12
standard	256	8	64	zmq	NA	0	1	3	3	0	71.256348	94.473877	370.157470	1553.063063	2709.743775	4019.383721	174.917969	176.410889	399.920411	0.126953	0.134033	0.209595	2.900146	3.163330	906.672119	0.000000	0.000000	0.000000	0.279134	0.279134	0.279134	256.000000	256.000000	256.000000	4.000000	4.000000	4.000000	Ada	12
standard	256	8	8	inproc	0	NA	NA	3	3	0	31.694947	32.710938	35.399536	7273.690877	7826.128493	8085.305435	231.098144	241.271973	254.168946	0.000000	0.000000	0.000000	0.000000	0.000000	0.000000	0.007812	0.011475	0.025146				256.000000	256.000000	256.000000	32.000000	32.000000	32.000000	Ada	12
standard	256	8	8	zmq	NA	0	0	3	3	0	30.775391	39.490967	41.066040	6243.045365	6482.495132	9043.653578	155.374268	188.818604	216.908081	0.201294	0.207031	0.298339	20.572876	24.563721	29.111816	0.000000	0.000000	0.000000				256.000000	256.000000	256.000000	32.000000	32.000000	32.000000	Ada	12
standard	256	8	8	zmq	NA	0	1	3	3	0	134.569458	185.494873	191.307373	1339.397093	1380.092052	2220.340300	187.276001	194.572021	339.181519	0.181397	0.184814	0.277344	547.788574	1051.075195	1077.979126	0.000000	0.000000	0.000000				256.000000	256.000000	256.000000	32.000000	32.000000	32.000000	Ada	12
standard	384	1	128	inproc	0	NA	NA	3	3	0	223.687011	255.524902	257.632446	1490.595243	1502.788951	1752.180921	223.653931	255.490723	257.592408	0.000000	0.000000	0.000000	0.000000	0.000000	0.000000	0.000489	0.000977	0.001465				384.000000	384.000000	384.000000	3.000000	3.000000	3.000000	Ada	12
standard	384	1	128	zmq	NA	0	0	3	3	0	151.693970	154.490967	193.143555	2071.105152	2485.582219	2532.273337	149.199219	151.398926	189.724609	0.077759	0.085205	0.087158	2.348267	2.903809	3.260376	0.000000	0.000000	0.000000				384.000000	384.000000	384.000000	3.000000	3.000000	3.000000	Ada	12
standard	384	1	128	zmq	NA	0	1	3	3	0	144.241577	170.988037	198.118042	1975.279201	2245.771146	2756.996033	141.176758	167.458740	194.766724	0.070312	0.080566	0.110229	2.752563	2.988281	3.195435	0.000000	0.000000	0.000000				384.000000	384.000000	384.000000	3.000000	3.000000	3.000000	Ada	12
standard	384	1	16	inproc	0	NA	NA	3	3	0	137.944947	140.112061	141.014526	2723.235246	2740.663427	2784.406435	137.901856	140.066406	140.967529	0.000000	0.000000	0.000000	0.000000	0.000000	0.000000	0.002563	0.004150	0.004273				384.000000	384.000000	384.000000	24.000000	24.000000	24.000000	Ada	12
standard	384	1	16	zmq	NA	0	0	3	3	0	218.371460	292.585938	444.478882	978.164256	1312.434915	1988.098833	128.238404	129.489258	143.455810	0.143066	0.143799	0.152954	75.942017	134.927979	300.802734	0.000000	0.000000	0.000000				384.000000	384.000000	384.000000	24.000000	24.000000	24.000000	Ada	12
standard	384	1	16	zmq	NA	0	1	3	3	0	267.666992	271.135986	544.036987	943.155706	1416.263496	1434.859435	131.594482	132.071777	139.935791	0.161499	0.161865	0.163818	135.838746	138.818848	403.841431	0.000000	0.000000	0.000000				384.000000	384.000000	384.000000	24.000000	24.000000	24.000000	Ada	12
standard	384	1	32	inproc	0	NA	NA	3	3	0	177.197876	181.581787	185.574829	2070.204626	2114.749536	2168.396092	177.151246	181.537354	185.516724	0.000000	0.000000	0.000000	0.000000	0.000000	0.000000	0.003052	0.003174	0.003540				384.000000	384.000000	384.000000	12.000000	12.000000	12.000000	Ada	12
standard	384	1	32	zmq	NA	0	0	3	3	0	199.118408	276.850830	323.857422	1211.224242	1387.028530	2275.245450	178.529785	244.316406	254.196777	0.164917	0.200439	0.550171	10.117554	11.768555	69.020264	0.000000	0.000000	0.000000				384.000000	384.000000	384.000000	12.000000	12.000000	12.000000	Ada	12
standard	384	1	32	zmq	NA	0	1	3	3	0	190.437989	220.578125	285.882080	1417.158673	1740.879790	2068.210159	177.983886	207.890625	272.715942	0.177979	0.202637	0.231324	12.204468	12.406250	12.841552	0.000000	0.000000	0.000000				384.000000	384.000000	384.000000	12.000000	12.000000	12.000000	Ada	12
standard	384	1	64	inproc	0	NA	NA	3	3	0	255.177612	265.603027	268.446533	1430.612961	1445.766653	1507.350237	255.139404	265.564697	268.398560	0.000000	0.000000	0.000000	0.000000	0.000000	0.000000	0.001465	0.001953	0.001953				384.000000	384.000000	384.000000	6.000000	6.000000	6.000000	Ada	12
standard	384	1	64	zmq	NA	0	0	3	3	0	117.739624	126.129150	144.035034	2707.866798	3044.498427	3278.077549	113.152588	121.836182	139.950561	0.078857	0.083740	0.091309	3.959106	4.175049	4.472656	0.000000	0.000000	0.000000				384.000000	384.000000	384.000000	6.000000	6.000000	6.000000	Ada	12
standard	384	1	64	zmq	NA	0	1	3	3	0	117.733886	118.708984	148.949463	2688.889461	3234.801494	3261.816568	112.728881	113.058105	143.329712	0.093384	0.104492	0.158081	4.813842	5.382812	5.411987	0.000000	0.000000	0.000000				384.000000	384.000000	384.000000	6.000000	6.000000	6.000000	Ada	12
standard	384	1	8	inproc	0	NA	NA	3	3	0	177.382935	186.261963	190.974488	2011.964902	2061.612548	2170.245735	177.319213	186.196777	190.893066	0.000000	0.000000	0.000000	0.000000	0.000000	0.000000	0.005005	0.005859	0.006347				384.000000	384.000000	384.000000	48.000000	48.000000	48.000000	Ada	12
standard	384	1	8	zmq	NA	0	0	3	3	0	158.546997	169.578857	178.766480	2153.742607	2264.433231	2433.777962	131.716186	136.938477	144.277710	0.208984	0.216064	0.218628	26.518921	32.333496	34.165893	0.000000	0.000000	0.000000				384.000000	384.000000	384.000000	48.000000	48.000000	48.000000	Ada	12
standard	384	1	8	zmq	NA	0	1	3	3	0	257.493530	316.982910	409.125855	988.738917	1211.421776	1575.387532	166.220581	171.468262	187.996094	0.264038	0.281494	0.291748	90.883911	155.651123	225.976562	0.000000	0.000000	0.000000				384.000000	384.000000	384.000000	48.000000	48.000000	48.000000	Ada	12
standard	384	12	128	inproc	0	NA	NA	3	3	0	79.772461	83.989990	86.898071	4423.924852	4571.973386	4827.184148	199.676513	202.588867	212.026977	0.000000	0.000000	0.000000	0.000000	0.000000	0.000000	0.000000	0.000000	0.000611				384.000000	384.000000	384.000000	3.000000	3.000000	3.000000	Ada	12
standard	384	12	128	zmq	NA	0	0	3	3	0	65.235107	71.765137	136.089966	3633.406879	5350.787549	5945.979661	151.884399	163.795898	168.894897	0.093140	0.113037	0.114013	2.776612	3.062012	175.332886	0.000000	0.000000	0.000000	0.525100	0.525100	0.525100	384.000000	384.000000	384.000000	3.000000	3.000000	3.000000	Ada	12
standard	384	12	128	zmq	NA	0	1	3	3	0	74.247559	82.060059	95.183472	4112.490221	4679.499461	5229.790081	172.695191	196.597168	229.344727	0.090454	0.093018	0.141480	3.011475	3.045166	3.189087	0.000000	0.000000	0.000000	0.284871	0.329393	0.342986	384.000000	384.000000	384.000000	3.000000	3.000000	3.000000	Ada	12
standard	384	12	16	inproc	0	NA	NA	3	3	0	46.960449	48.690918	54.386475	7138.871479	7886.481012	8188.212492	354.980103	366.118896	394.301880	0.000000	0.000000	0.000000	0.000000	0.000000	0.000000	0.004028	0.004150	0.006103				384.000000	384.000000	384.000000	24.000000	24.000000	24.000000	Ada	12
standard	384	12	16	zmq	NA	0	0	3	3	0	44.652954	47.979004	48.130982	7978.308713	8003.500880	8647.634356	271.604981	281.630371	300.665405	0.145874	0.154785	0.162353	22.500488	23.549805	32.568848	0.000000	0.000000	0.000000				384.000000	384.000000	384.000000	24.000000	24.000000	24.000000	Ada	12
standard	384	12	16	zmq	NA	0	1	3	3	0	36.692627	38.028076	51.812622	7975.856844	10097.802431	10479.198889	256.229615	271.580811	332.989502	0.137939	0.140869	0.172729	23.429932	24.650146	50.086792	0.000000	0.000000	0.000000				384.000000	384.000000	384.000000	24.000000	24.000000	24.000000	Ada	12
standard	384	12	32	inproc	0	NA	NA	3	3	0	62.357056	65.883057	68.971069	5578.734824	5828.509173	6177.837078	403.404419	427.651855	454.932006	0.000000	0.000000	0.000000	0.000000	0.000000	0.000000	0.001953	0.002930	0.003052				384.000000	384.000000	384.000000	12.000000	12.000000	12.000000	Ada	12
standard	384	12	32	zmq	NA	0	0	3	3	0	41.590576	48.315186	216.735596	4472.405184	7947.811763	9480.708579	275.545288	277.172363	304.706909	0.193848	0.214355	0.220825	10.549682	12.847168	1768.608398	0.000000	0.000000	0.000000				384.000000	384.000000	384.000000	12.000000	12.000000	12.000000	Ada	12
standard	384	12	32	zmq	NA	0	1	3	3	0	49.960938	63.141846	66.326416	5802.925986	6081.545380	8260.996917	319.724853	371.738037	397.384155	0.233154	0.296387	0.298706	18.940308	24.648682	30.197998	0.000000	0.000000	0.000000				384.000000	384.000000	384.000000	12.000000	12.000000	12.000000	Ada	12
standard	384	12	64	inproc	0	NA	NA	3	3	0	76.434571	78.979004	80.022461	4799.468775	4862.051697	5029.478206	351.524048	357.541748	364.501465	0.000000	0.000000	0.000000	0.000000	0.000000	0.000000	0.002563	0.002930	0.003052				384.000000	384.000000	384.000000	6.000000	6.000000	6.000000	Ada	12
standard	384	12	64	zmq	NA	0	0	3	3	0	94.716553	122.630127	207.552002	2222.152660	3131.367548	4439.807118	279.809936	285.938721	379.167358	0.194213	0.217773	0.268555	7.612793	9.601318	455.586182	0.000000	0.000000	0.000000				384.000000	384.000000	384.000000	6.000000	6.000000	6.000000	Ada	12
standard	384	12	64	zmq	NA	0	1	3	3	0	119.644043	194.796143	197.463623	1945.016916	1971.291602	5301.033835	197.098388	198.084961	247.014038	0.103637	0.114746	0.126221	254.106445	503.595947	575.653320	0.000000	0.000000	0.000000				384.000000	384.000000	384.000000	6.000000	6.000000	6.000000	Ada	12
standard	384	12	8	inproc	0	NA	NA	3	3	0	57.343994	67.119873	95.713989	4405.103004	5721.107365	6896.870847	474.611938	537.725830	665.359131	0.000000	0.000000	0.000000	0.000000	0.000000	0.000000	0.009888	0.010010	0.010498				384.000000	384.000000	384.000000	48.000000	48.000000	48.000000	Ada	12
standard	384	12	8	zmq	NA	0	0	3	3	0	47.063964	60.747070	77.731567	5187.757502	6321.292501	8912.445443	270.708374	310.736328	452.912598	0.189453	0.191650	0.562988	36.502075	50.012695	96.527710	0.000000	0.000000	0.000000				384.000000	384.000000	384.000000	48.000000	48.000000	48.000000	Ada	12
standard	384	12	8	zmq	NA	0	1	3	3	0	48.073120	56.128174	70.404053	5688.103273	6841.483943	8218.574981	333.856445	412.759277	515.078369	0.229370	0.299805	0.318725	34.685425	42.055908	67.532592	0.000000	0.000000	0.000000				384.000000	384.000000	384.000000	48.000000	48.000000	48.000000	Ada	12
standard	384	2	128	inproc	0	NA	NA	3	3	0	116.608643	117.501221	130.413697	2973.627393	3268.051155	3293.259332	180.338990	180.554932	196.457031	0.000000	0.000000	0.000000	0.000000	0.000000	0.000000	0.000489	0.000977	0.001465				384.000000	384.000000	384.000000	3.000000	3.000000	3.000000	Ada	12
standard	384	2	128	zmq	NA	0	0	3	3	0	98.663452	104.525879	121.024536	3232.993822	3673.731367	3905.808340	140.241700	156.065186	187.613526	0.086425	0.093994	0.113159	2.013427	2.317871	6.226440	0.000000	0.000000	0.000000				384.000000	384.000000	384.000000	3.000000	3.000000	3.000000	Ada	12
standard	384	2	128	zmq	NA	0	1	3	3	0	103.109497	125.018066	156.654541	2555.476180	3071.556064	3900.283036	149.503174	179.630127	230.541992	0.079468	0.087891	0.136352	2.795654	3.053223	3.166748	0.000000	0.000000	0.000000				384.000000	384.000000	384.000000	3.000000	3.000000	3.000000	Ada	12
standard	384	2	16	inproc	0	NA	NA	3	3	0	119.268554	141.238037	156.219482	2480.896417	2718.814335	3332.704502	232.080200	273.590088	298.689453	0.000000	0.000000	0.000000	0.000000	0.000000	0.000000	0.006958	0.007080	0.009155				384.000000	384.000000	384.000000	24.000000	24.000000	24.000000	Ada	12
standard	384	2	16	zmq	NA	0	0	3	3	0	79.395019	91.824951	99.683471	3876.284063	4181.869907	4958.100607	139.835206	164.525391	177.685791	0.144409	0.155029	0.159546	14.201294	15.530762	16.144654	0.000000	0.000000	0.000000	1.737828	3.190718	6.827857	384.000000	384.000000	384.000000	24.000000	24.000000	24.000000	Ada	12
standard	384	2	16	zmq	NA	0	1	3	3	0	83.214111	96.431152	112.659545	3480.723966	3982.115641	4734.029764	144.242554	168.558105	202.638184	0.139893	0.170166	0.208985	19.026855	19.759277	20.867310	0.000000	0.000000	0.000000	0.417128	0.429141	0.443006	384.000000	384.000000	384.000000	24.000000	24.000000	24.000000	Ada	12
standard	384	2	32	inproc	0	NA	NA	3	3	0	148.533081	165.026123	167.493042	2293.129995	2326.904328	2617.556550	295.229126	329.125977	333.447022	0.000000	0.000000	0.000000	0.000000	0.000000	0.000000	0.003907	0.004883	0.005005				384.000000	384.000000	384.000000	12.000000	12.000000	12.000000	Ada	12
standard	384	2	32	zmq	NA	0	0	3	3	0	69.979004	75.562988	83.997558	4618.126312	5081.853017	5522.523554	129.121704	142.328125	157.468750	0.097656	0.103027	0.109985	8.722168	9.778809	10.113770	0.000000	0.000000	0.000000	0.470670	0.470681	0.479604	384.000000	384.000000	384.000000	12.000000	12.000000	12.000000	Ada	12
standard	384	2	32	zmq	NA	0	1	3	3	0	64.588013	66.739014	69.078003	5565.313818	5753.755995	5951.977121	118.611328	122.697266	127.393067	0.088012	0.090576	0.093994	8.072632	9.627686	9.711548	0.000000	0.000000	0.000000	0.278336	0.300019	4.251455	384.000000	384.000000	384.000000	12.000000	12.000000	12.000000	Ada	12
standard	384	2	64	inproc	0	NA	NA	3	3	0	86.265015	89.542969	93.079956	4131.451046	4288.443921	4457.835658	169.672730	177.148926	182.919433	0.000000	0.000000	0.000000	0.000000	0.000000	0.000000	0.000000	0.000000	0.000611				384.000000	384.000000	384.000000	6.000000	6.000000	6.000000	Ada	12
standard	384	2	64	zmq	NA	0	0	3	3	0	82.423462	97.763916	112.270019	3478.395551	3927.829568	4826.040474	159.065429	190.456543	218.745240	0.087768	0.107422	0.121582	4.739991	4.812012	4.884034	0.000000	0.000000	0.000000	0.284659	0.294754	0.405294	384.000000	384.000000	384.000000	6.000000	6.000000	6.000000	Ada	12
standard	384	2	64	zmq	NA	0	1	3	3	0	96.973999	102.521973	102.636475	3741.364650	3745.538542	3972.827752	180.605102	185.194336	188.809692	0.101685	0.106934	0.114990	4.640991	4.729248	4.986450	0.000000	0.000000	0.000000	0.332273	0.335272	0.350632	384.000000	384.000000	384.000000	6.000000	6.000000	6.000000	Ada	12
standard	384	2	8	inproc	0	NA	NA	3	3	0	105.668457	108.568848	112.540405	3416.362546	3536.926184	3636.747732	210.333008	216.448730	222.933227	0.000000	0.000000	0.000000	0.000000	0.000000	0.000000	0.005127	0.006348	0.061646				384.000000	384.000000	384.000000	48.000000	48.000000	48.000000	Ada	12
standard	384	2	8	zmq	NA	0	0	3	3	0	73.121826	74.268799	121.411377	3724.305183	5170.408113	5252.802400	115.834961	116.414551	202.680298	0.153442	0.160156	0.277954	28.561645	29.100830	34.429932	0.000000	0.000000	0.000000				384.000000	384.000000	384.000000	48.000000	48.000000	48.000000	Ada	12
standard	384	2	8	zmq	NA	0	1	3	3	0	92.301880	110.889893	124.432984	3122.992861	3462.894508	4336.113205	151.893799	188.338135	209.405762	0.168213	0.188965	0.220459	29.585816	30.627686	34.955689	0.000000	0.000000	0.000000				384.000000	384.000000	384.000000	48.000000	48.000000	48.000000	Ada	12
standard	384	4	128	inproc	0	NA	NA	3	3	0	93.125000	95.853027	107.976562	3601.733102	4006.133250	4127.031558	251.367554	256.431885	276.148926	0.000000	0.000000	0.000000	0.000000	0.000000	0.000000	0.000977	0.000977	0.001465				384.000000	384.000000	384.000000	3.000000	3.000000	3.000000	Ada	12
standard	384	4	128	zmq	NA	0	0	3	3	0	61.999145	63.995117	151.902466	3800.863354	6000.457799	6200.059638	158.998413	171.793945	383.462402	0.112671	0.123047	0.231690	2.703247	2.757812	11.750244	0.000000	0.000000	0.000000				384.000000	384.000000	384.000000	3.000000	3.000000	3.000000	Ada	12
standard	384	4	128	zmq	NA	0	1	3	3	0	74.919067	77.796143	121.819092	3625.716844	4935.977380	5133.100997	198.626099	202.583984	203.137939	0.150390	0.152832	0.154907	2.456910	2.997803	122.302613	0.000000	0.000000	0.000000				384.000000	384.000000	384.000000	3.000000	3.000000	3.000000	Ada	12
standard	384	4	16	inproc	0	NA	NA	3	3	0	77.246460	80.713867	96.231933	4096.894202	4757.546793	4981.138064	292.845093	308.508301	344.977173	0.000000	0.000000	0.000000	0.000000	0.000000	0.000000	0.005371	0.006836	0.007324				384.000000	384.000000	384.000000	24.000000	24.000000	24.000000	Ada	12
standard	384	4	16	zmq	NA	0	0	3	3	0	79.612060	98.822998	106.064575	3637.391638	3885.735179	5121.616432	279.630249	357.690918	380.084961	0.221924	0.239746	0.273560	21.339844	26.102051	26.379517	0.000000	0.000000	0.000000				384.000000	384.000000	384.000000	24.000000	24.000000	24.000000	Ada	12
standard	384	4	16	zmq	NA	0	1	3	3	0	123.978516	206.038086	272.733520	1497.522475	1863.733097	5512.134458	159.256592	177.817383	206.462402	0.144653	0.153809	0.191040	292.070312	568.620605	865.552612	0.000000	0.000000	0.000000				384.000000	384.000000	384.000000	24.000000	24.000000	24.000000	Ada	12
standard	384	4	32	inproc	0	NA	NA	3	3	0	70.733032	72.479980	75.431518	5098.516302	5298.014673	5432.177346	251.150269	257.683350	262.478516	0.000000	0.000000	0.000000	0.000000	0.000000	0.000000	0.000977	0.000977	0.001465				384.000000	384.000000	384.000000	12.000000	12.000000	12.000000	Ada	12
standard	384	4	32	zmq	NA	0	0	3	3	0	56.900024	63.135986	71.953491	5418.145793	6082.109781	6830.723356	203.519287	229.638428	261.917969	0.136474	0.145996	0.262573	8.958252	9.782715	9.816772	0.000000	0.000000	0.000000				384.000000	384.000000	384.000000	12.000000	12.000000	12.000000	Ada	12
standard	384	4	32	zmq	NA	0	1	3	3	0	127.526978	187.144043	343.774048	1409.637635	2051.895395	3853.222745	214.973877	228.007080	342.686035	0.147095	0.156982	0.224854	260.761475	511.980957	1008.916870	0.000000	0.000000	0.000000				384.000000	384.000000	384.000000	12.000000	12.000000	12.000000	Ada	12
standard	384	4	64	inproc	0	NA	NA	3	3	0	83.498535	91.967041	99.332031	3887.192350	4175.408883	4646.679852	257.937500	282.614746	297.587403	0.000000	0.000000	0.000000	0.000000	0.000000	0.000000	0.000489	0.000977	0.002076				384.000000	384.000000	384.000000	6.000000	6.000000	6.000000	Ada	12
standard	384	4	64	zmq	NA	0	0	3	3	0	49.321533	51.354004	55.917480	6913.307184	7477.508486	7798.889713	144.906372	150.722656	165.367797	0.104493	0.105225	0.108399	5.053589	5.435303	5.578125	0.000000	0.000000	0.000000				384.000000	384.000000	384.000000	6.000000	6.000000	6.000000	Ada	12
standard	384	4	64	zmq	NA	0	1	3	3	0	119.208618	187.991211	193.169190	1989.324048	2042.648686	4828.882018	161.222046	179.970215	198.678955	0.111694	0.122070	0.131958	251.616943	498.265137	499.909058	0.000000	0.000000	0.000000				384.000000	384.000000	384.000000	6.000000	6.000000	6.000000	Ada	12
standard	384	4	8	inproc	0	NA	NA	3	3	0	69.244019	70.833984	72.741943	5282.569366	5421.126644	5548.530779	267.693481	271.860840	283.652344	0.000000	0.000000	0.000000	0.000000	0.000000	0.000000	0.009521	0.010010	0.010498				384.000000	384.000000	384.000000	48.000000	48.000000	48.000000	Ada	12
standard	384	4	8	zmq	NA	0	0	3	3	0	52.948974	54.243896	59.042969	6546.991381	7079.137468	7256.605246	173.218628	178.371582	196.239990	0.166260	0.182617	0.185424	28.730347	28.977295	29.610474	0.000000	0.000000	0.000000				384.000000	384.000000	384.000000	48.000000	48.000000	48.000000	Ada	12
standard	384	4	8	zmq	NA	0	1	3	3	0	119.672973	195.988037	197.175537	1947.573894	1959.303260	5407.909342	138.414551	141.084229	161.124512	0.130981	0.134521	0.169677	309.163574	596.522949	624.986328	0.000000	0.000000	0.000000				384.000000	384.000000	384.000000	48.000000	48.000000	48.000000	Ada	12
standard	384	8	128	inproc	0	NA	NA	3	3	0	95.251465	101.895020	116.911499	3339.631806	3768.584586	4051.141727	255.929565	272.365234	312.274658	0.000000	0.000000	0.000000	0.000000	0.000000	0.000000	0.000977	0.000977	0.000977				384.000000	384.000000	384.000000	3.000000	3.000000	3.000000	Ada	12
standard	384	8	128	zmq	NA	0	0	3	3	0	73.294922	83.927002	104.360473	3826.238535	4575.404710	5351.719155	203.412109	227.167236	259.099609	0.118408	0.131836	0.148804	2.440063	2.605957	2.936889	0.000000	0.000000	0.000000				384.000000	384.000000	384.000000	3.000000	3.000000	3.000000	Ada	12
standard	384	8	128	zmq	NA	0	1	3	3	0	73.716431	75.247803	355.455444	2853.616320	5103.139043	5211.399737	185.692138	189.698242	213.901733	0.128418	0.135986	0.156372	2.951783	3.018311	803.687134	0.000000	0.000000	0.000000				384.000000	384.000000	384.000000	3.000000	3.000000	3.000000	Ada	12
standard	384	8	16	inproc	0	NA	NA	3	3	0	45.707397	48.295898	52.278442	7388.159669	7950.985745	8428.296995	319.189209	339.206299	357.997803	0.000000	0.000000	0.000000	0.000000	0.000000	0.000000	0.007202	0.009277	0.009643				384.000000	384.000000	384.000000	24.000000	24.000000	24.000000	Ada	12
standard	384	8	16	zmq	NA	0	0	3	3	0	38.274414	38.698975	210.896485	5462.554251	9922.743532	10034.046616	245.439697	248.238525	282.061523	0.170776	0.181396	0.210571	14.461182	15.264404	1064.177490	0.000000	0.000000	0.000000				384.000000	384.000000	384.000000	24.000000	24.000000	24.000000	Ada	12
standard	384	8	16	zmq	NA	0	1	3	3	0	186.216553	322.186035	324.937988	1181.848718	1191.857989	4417.047296	297.014893	326.601807	530.455933	0.212402	0.213379	0.217896	590.976441	1164.009277	1544.355346	0.000000	0.000000	0.000000				384.000000	384.000000	384.000000	24.000000	24.000000	24.000000	Ada	12
standard	384	8	32	inproc	0	NA	NA	3	3	0	54.603638	55.519043	57.587525	6676.725013	6916.545738	7034.475537	321.712524	330.795654	337.410767	0.000000	0.000000	0.000000	0.000000	0.000000	0.000000	0.003418	0.004883	0.005005				384.000000	384.000000	384.000000	12.000000	12.000000	12.000000	Ada	12
standard	384	8	32	zmq	NA	0	0	3	3	0	38.365357	43.616943	44.133544	8702.056958	8803.918166	10200.151277	207.527221	233.939941	237.396973	0.198364	0.264160	0.283936	7.940918	8.552246	8.591675	0.000000	0.000000	0.000000				384.000000	384.000000	384.000000	12.000000	12.000000	12.000000	Ada	12
standard	384	8	32	zmq	NA	0	1	3	3	0	40.942017	49.642090	218.308594	4363.841637	7735.371359	9822.661713	224.485839	258.805908	271.062866	0.162842	0.188477	0.196533	9.532349	11.424805	1049.524903	0.000000	0.000000	0.000000				384.000000	384.000000	384.000000	12.000000	12.000000	12.000000	Ada	12
standard	384	8	64	inproc	0	NA	NA	3	3	0	52.869507	53.291016	53.629029	7160.585734	7205.717427	7263.627612	288.884156	289.852051	294.613892	0.000000	0.000000	0.000000	0.000000	0.000000	0.000000	0.002076	0.003174	0.003174				384.000000	384.000000	384.000000	6.000000	6.000000	6.000000	Ada	12
standard	384	8	64	zmq	NA	0	0	3	3	0	39.391480	43.281982	43.439453	8840.006460	8872.052030	9844.327944	176.398072	183.680176	208.391601	0.137939	0.146973	0.184570	3.826416	4.730957	5.090576	0.000000	0.000000	0.000000				384.000000	384.000000	384.000000	6.000000	6.000000	6.000000	Ada	12
standard	384	8	64	zmq	NA	0	1	3	3	0	139.770996	235.593018	276.479004	1419.946394	1629.929460	5183.667338	246.047120	272.937012	297.624024	0.139892	0.141113	0.165650	329.981568	655.645020	925.756470	0.000000	0.000000	0.000000				384.000000	384.000000	384.000000	6.000000	6.000000	6.000000	Ada	12
standard	384	8	8	inproc	0	NA	NA	3	3	0	53.420410	56.451904	71.688477	5609.924751	6802.250602	7211.487087	399.381592	422.121582	476.847168	0.000000	0.000000	0.000000	0.000000	0.000000	0.000000	0.013062	0.014404	0.014526				384.000000	384.000000	384.000000	48.000000	48.000000	48.000000	Ada	12
standard	384	8	8	zmq	NA	0	0	3	3	0	41.707031	45.540039	58.709473	6887.229341	8432.140330	9285.507805	264.272705	293.401123	347.648315	0.211792	0.240234	0.294678	29.935303	30.551270	64.832520	0.000000	0.000000	0.000000				384.000000	384.000000	384.000000	48.000000	48.000000	48.000000	Ada	12
standard	384	8	8	zmq	NA	0	1	3	3	0	112.391480	185.063965	254.864013	1628.859637	2074.958247	5871.438396	230.163696	265.647949	274.281860	0.214844	0.246094	0.252076	503.502807	977.605469	1428.035889	0.000000	0.000000	0.000000				384.000000	384.000000	384.000000	48.000000	48.000000	48.000000	Ada	12
standard	512	1	128	inproc	0	NA	NA	3	3	0	321.024536	333.649170	367.541626	1404.986667	1534.546003	1597.364055	320.955567	333.595215	367.487793	0.000000	0.000000	0.000000	0.000000	0.000000	0.000000	0.001953	0.001953	0.001953				512.000000	512.000000	512.000000	4.000000	4.000000	4.000000	Ada	12
standard	512	1	128	zmq	NA	0	0	3	3	0	209.647461	266.792969	308.420411	1690.874113	1919.091056	2638.212554	205.891724	263.093750	304.310303	0.091431	0.110596	0.118897	3.626709	3.703857	4.019897	0.000000	0.000000	0.000000	0.299887	0.310059	0.488151	512.000000	512.000000	512.000000	4.000000	4.000000	4.000000	Ada	12
standard	512	1	128	zmq	NA	0	1	3	3	0	190.755494	227.237061	310.556519	1776.527582	2253.153595	2785.962846	187.546386	223.728027	306.334473	0.088135	0.102051	0.151001	3.089600	3.368896	4.007324	0.000000	0.000000	0.000000	0.463770	0.522722	0.543948	512.000000	512.000000	512.000000	4.000000	4.000000	4.000000	Ada	12
standard	512	1	16	inproc	0	NA	NA	3	3	0	245.218018	265.066895	275.704468	1859.829614	1931.587877	2101.708107	245.135864	264.983154	275.622925	0.000000	0.000000	0.000000	0.000000	0.000000	0.000000	0.005371	0.005859	0.006592				512.000000	512.000000	512.000000	32.000000	32.000000	32.000000	Ada	12
standard	512	1	16	zmq	NA	0	0	3	3	0	215.114990	247.893066	382.832519	1527.129494	2065.406699	2436.697715	193.017334	223.748047	231.638794	0.222168	0.263184	0.281739	21.776733	23.761719	150.782226	0.000000	0.000000	0.000000				512.000000	512.000000	512.000000	32.000000	32.000000	32.000000	Ada	12
standard	512	1	16	zmq	NA	0	1	3	3	0	162.521118	164.186035	240.997070	2364.724436	3118.413813	3150.690468	140.151977	141.895752	158.614502	0.161865	0.165039	0.199341	22.134033	22.213623	82.177613	0.000000	0.000000	0.000000				512.000000	512.000000	512.000000	32.000000	32.000000	32.000000	Ada	12
standard	512	1	32	inproc	0	NA	NA	3	3	0	176.056518	176.638916	202.592530	2569.408171	2898.568512	2908.188842	176.011719	176.600830	202.549560	0.000000	0.000000	0.000000	0.000000	0.000000	0.000000	0.003418	0.003906	0.003906				512.000000	512.000000	512.000000	16.000000	16.000000	16.000000	Ada	12
standard	512	1	32	zmq	NA	0	0	3	3	0	156.681031	160.542969	163.681518	3129.176226	3189.177352	3269.772038	144.938721	148.662598	151.645874	0.149902	0.166992	0.208374	11.502197	11.691650	11.818359	0.000000	0.000000	0.000000				512.000000	512.000000	512.000000	16.000000	16.000000	16.000000	Ada	12
standard	512	1	32	zmq	NA	0	1	3	3	0	201.733154	203.254150	342.866577	1790.099913	2519.013752	2538.150502	189.989013	190.561523	212.187134	0.191773	0.202393	0.208130	11.475586	12.403076	130.394653	0.000000	0.000000	0.000000				512.000000	512.000000	512.000000	16.000000	16.000000	16.000000	Ada	12
standard	512	1	64	inproc	0	NA	NA	3	3	0	195.052001	199.137939	290.454468	1956.100130	2571.082142	2626.093387	195.001709	199.102295	290.409302	0.000000	0.000000	0.000000	0.000000	0.000000	0.000000	0.000489	0.000977	0.002442				512.000000	512.000000	512.000000	8.000000	8.000000	8.000000	Ada	12
standard	512	1	64	zmq	NA	0	0	3	3	0	150.384522	154.298096	167.409058	3077.251377	3318.252229	3406.912995	143.937011	148.087402	161.120606	0.101807	0.108643	0.123901	6.143555	6.213135	6.346802	0.000000	0.000000	0.000000	1.807149	3.041075	22.441229	512.000000	512.000000	512.000000	8.000000	8.000000	8.000000	Ada	12
standard	512	1	64	zmq	NA	0	1	3	3	0	211.018554	233.703125	243.369507	2107.121026	2190.813666	2454.694170	203.538818	226.441895	236.640870	0.136108	0.147217	0.151001	6.530639	7.065918	7.293457	0.000000	0.000000	0.000000	0.389618	0.461235	0.470069	512.000000	512.000000	512.000000	8.000000	8.000000	8.000000	Ada	12
standard	512	1	8	inproc	0	NA	NA	3	3	0	209.754029	217.033936	228.985474	2242.057406	2359.078080	2443.898152	209.685181	216.958496	228.897339	0.000000	0.000000	0.000000	0.000000	0.000000	0.000000	0.006836	0.006836	0.006958				512.000000	512.000000	512.000000	64.000000	64.000000	64.000000	Ada	12
standard	512	1	8	zmq	NA	0	0	3	3	0	196.774537	208.963135	367.785644	1711.226434	2450.192952	2611.984358	155.704589	165.955566	193.147583	0.215698	0.224365	0.262329	40.748047	42.671875	174.239990	0.000000	0.000000	0.000000				512.000000	512.000000	512.000000	64.000000	64.000000	64.000000	Ada	12
standard	512	1	8	zmq	NA	0	1	3	3	0	286.965455	351.791016	606.337037	1025.073846	1455.409539	1880.131725	191.620850	192.941650	274.290527	0.305053	0.324707	0.478028	94.901245	161.066650	332.645874	0.000000	0.000000	0.000000				512.000000	512.000000	512.000000	64.000000	64.000000	64.000000	Ada	12
standard	512	12	128	inproc	0	NA	NA	3	3	0	75.947876	78.201904	79.564942	6436.884066	6547.155144	6747.408945	257.035767	257.229980	260.529419	0.000000	0.000000	0.000000	0.000000	0.000000	0.000000	0.000000	0.000000	0.000000				512.000000	512.000000	512.000000	4.000000	4.000000	4.000000	Ada	12
standard	512	12	128	zmq	NA	0	0	3	3	0	68.548462	71.320068	71.931030	7118.443015	7178.905065	7481.398995	212.927978	216.013916	231.359864	0.140991	0.144043	0.158813	3.291504	3.510986	4.126953	0.000000	0.000000	0.000000	0.405597	0.423674	0.442276	512.000000	512.000000	512.000000	4.000000	4.000000	4.000000	Ada	12
standard	512	12	128	zmq	NA	0	1	3	3	0	101.574585	114.715088	136.253052	3854.014866	4463.231554	5126.427304	337.831421	386.544922	462.698853	0.231568	0.239990	0.260132	3.778809	3.844727	4.693848	0.000000	0.000000	0.000000	0.481529	0.486525	0.617148	512.000000	512.000000	512.000000	4.000000	4.000000	4.000000	Ada	12
standard	512	12	16	inproc	0	NA	NA	3	3	0	57.974487	62.084961	63.238037	8099.085730	8246.763665	8876.091157	480.562745	525.952637	541.653198	0.000000	0.000000	0.000000	0.000000	0.000000	0.000000	0.004883	0.007812	0.010742				512.000000	512.000000	512.000000	32.000000	32.000000	32.000000	Ada	12
standard	512	12	16	zmq	NA	0	0	3	3	0	50.729004	58.826904	66.533935	7799.981284	8703.500654	10356.755567	399.555542	491.549316	497.260253	0.200562	0.233643	0.244629	18.431763	24.440674	56.754517	0.000000	0.000000	0.000000	0.346654	0.363323	5.895330	512.000000	512.000000	512.000000	32.000000	32.000000	32.000000	Ada	12
standard	512	12	16	zmq	NA	0	1	3	3	0	39.806518	40.962891	66.201904	9049.180895	12499.117914	12873.078485	306.806763	307.169922	466.556397	0.187011	0.197998	0.288086	15.952026	18.205566	82.635986	0.000000	0.000000	0.000000	0.576731	0.929204	4.866804	512.000000	512.000000	512.000000	32.000000	32.000000	32.000000	Ada	12
standard	512	12	32	inproc	0	NA	NA	3	3	0	54.388916	55.873779	59.193969	8676.827789	9163.511158	9420.704332	428.092041	451.265625	467.594360	0.000000	0.000000	0.000000	0.000000	0.000000	0.000000	0.001953	0.002930	0.003540				512.000000	512.000000	512.000000	16.000000	16.000000	16.000000	Ada	12
standard	512	12	32	zmq	NA	0	0	3	3	0	47.479492	49.906006	65.719971	8269.440051	10259.286256	10811.842362	316.990234	317.465576	455.235840	0.220336	0.241943	0.285766	9.844604	10.370117	25.795166	0.000000	0.000000	0.000000	0.328014	0.362953	11.433421	512.000000	512.000000	512.000000	16.000000	16.000000	16.000000	Ada	12
standard	512	12	32	zmq	NA	0	1	3	3	0	46.344482	49.094971	69.634400	8053.344602	10428.766789	11086.751941	302.674194	307.185547	485.035279	0.222901	0.223877	0.248779	8.996460	9.711914	33.132569	0.000000	0.000000	0.000000	0.313741	0.319470	1.472083	512.000000	512.000000	512.000000	16.000000	16.000000	16.000000	Ada	12
standard	512	12	64	inproc	0	NA	NA	3	3	0	40.795898	42.206787	43.813965	11701.516998	12130.750409	12565.310117	295.167358	297.617188	299.178589	0.000000	0.000000	0.000000	0.000000	0.000000	0.000000	0.000977	0.000977	0.001465				512.000000	512.000000	512.000000	8.000000	8.000000	8.000000	Ada	12
standard	512	12	64	zmq	NA	0	0	3	3	0	42.043457	42.813965	44.833374	11443.280463	11958.714916	12181.967275	245.378540	252.893066	261.770263	0.201050	0.230225	0.243408	5.135010	5.288818	5.586303	0.000000	0.000000	0.000000	0.320056	0.341828	0.375463	512.000000	512.000000	512.000000	8.000000	8.000000	8.000000	Ada	12
standard	512	12	64	zmq	NA	0	1	3	3	0	46.673950	48.644775	57.748779	9091.950751	10525.282436	10989.310215	265.752319	282.426270	332.803223	0.213501	0.243164	0.338867	5.000611	5.091309	5.505249	0.000000	0.000000	0.000000	0.306288	0.311778	0.323779	512.000000	512.000000	512.000000	8.000000	8.000000	8.000000	Ada	12
standard	512	12	8	inproc	0	NA	NA	3	3	0	43.525024	48.072021	50.873535	10094.784335	10650.685871	11893.145809	418.795899	429.827881	452.006226	0.000000	0.000000	0.000000	0.000000	0.000000	0.000000	0.009888	0.010742	0.011352				512.000000	512.000000	512.000000	64.000000	64.000000	64.000000	Ada	12
standard	512	12	8	zmq	NA	0	0	3	3	0	43.031494	43.629150	49.485596	10493.414684	11735.273216	11900.557803	317.224121	345.439697	393.292969	0.226440	0.245850	0.266724	58.428223	59.056152	76.022705	0.000000	0.000000	0.000000	1.478545	2.800555	4.122564	512.000000	512.000000	512.000000	64.000000	64.000000	64.000000	Ada	12
standard	512	12	8	zmq	NA	0	1	3	3	0	35.388061	39.011963	49.364991	10848.903137	13124.179407	14621.487425	293.568359	300.044922	335.757690	0.206909	0.213623	0.229492	35.171631	51.391602	82.482422	0.000000	0.000000	0.000000	0.184640	0.235348	2.426905	512.000000	512.000000	512.000000	64.000000	64.000000	64.000000	Ada	12
standard	512	2	128	inproc	0	NA	NA	3	3	0	128.107544	130.640137	132.177491	3874.103462	3919.163075	3998.204668	252.581543	258.542969	262.285644	0.000000	0.000000	0.000000	0.000000	0.000000	0.000000	0.000000	0.000000	0.000000				512.000000	512.000000	512.000000	4.000000	4.000000	4.000000	Ada	12
standard	512	2	128	zmq	NA	0	0	3	3	0	82.673096	82.883057	88.151489	5829.004036	6177.378354	6193.106693	159.361450	160.876221	169.370850	0.103638	0.119141	0.136108	3.752441	3.838867	3.921386	0.000000	0.000000	0.000000				512.000000	512.000000	512.000000	4.000000	4.000000	4.000000	Ada	12
standard	512	2	128	zmq	NA	0	1	3	3	0	170.521484	249.249023	296.209594	1773.070862	2054.170536	3815.940231	223.696777	268.108154	354.544800	0.128784	0.171631	0.171753	85.385010	166.993896	177.236206	0.000000	0.000000	0.000000				512.000000	512.000000	512.000000	4.000000	4.000000	4.000000	Ada	12
standard	512	2	16	inproc	0	NA	NA	3	3	0	169.193970	171.520020	175.153931	2924.401846	2985.074287	3026.684630	336.403199	340.048340	345.680054	0.000000	0.000000	0.000000	0.000000	0.000000	0.000000	0.008057	0.008057	0.008545				512.000000	512.000000	512.000000	32.000000	32.000000	32.000000	Ada	12
standard	512	2	16	zmq	NA	0	0	3	3	0	113.900634	123.516113	145.320068	3604.400613	4145.208155	4527.411734	203.060181	217.008057	261.375367	0.272339	0.315674	0.316894	21.004394	24.717041	25.355469	0.000000	0.000000	0.000000				512.000000	512.000000	512.000000	32.000000	32.000000	32.000000	Ada	12
standard	512	2	16	zmq	NA	0	1	3	3	0	146.571900	160.508789	621.420899	1831.454332	3189.856474	3525.037041	265.960327	291.673828	513.227051	0.261109	0.290283	0.446777	22.900634	26.278076	721.181762	0.000000	0.000000	0.000000				512.000000	512.000000	512.000000	32.000000	32.000000	32.000000	Ada	12
standard	512	2	32	inproc	0	NA	NA	3	3	0	133.370484	139.886963	194.584961	2856.994473	3660.098049	3848.116977	263.684082	274.743164	385.026489	0.000000	0.000000	0.000000	0.000000	0.000000	0.000000	0.002563	0.002930	0.003907				512.000000	512.000000	512.000000	16.000000	16.000000	16.000000	Ada	12
standard	512	2	32	zmq	NA	0	0	3	3	0	86.987915	88.185059	94.989502	5417.870457	5805.972215	5886.990046	158.714721	159.429443	174.399902	0.127442	0.136719	0.138428	12.435668	12.544189	12.676270	0.000000	0.000000	0.000000				512.000000	512.000000	512.000000	16.000000	16.000000	16.000000	Ada	12
standard	512	2	32	zmq	NA	0	1	3	3	0	162.041626	241.155029	241.208618	2122.643996	2123.115580	4148.564744	156.102539	159.582275	170.553955	0.127686	0.146484	0.146607	155.522217	299.312988	308.383057	0.000000	0.000000	0.000000				512.000000	512.000000	512.000000	16.000000	16.000000	16.000000	Ada	12
standard	512	2	64	inproc	0	NA	NA	3	3	0	110.244995	112.970947	118.895508	4317.021591	4532.138682	4647.042915	214.309326	220.499512	233.288941	0.000000	0.000000	0.000000	0.000000	0.000000	0.000000	0.000000	0.000000	0.000977				512.000000	512.000000	512.000000	8.000000	8.000000	8.000000	Ada	12
standard	512	2	64	zmq	NA	0	0	3	3	0	81.143433	81.705078	86.900025	5912.959383	6266.440370	6310.116717	151.349731	153.039551	163.519775	0.096558	0.107178	0.113892	7.210938	7.661621	7.665650	0.000000	0.000000	0.000000				512.000000	512.000000	512.000000	8.000000	8.000000	8.000000	Ada	12
standard	512	2	64	zmq	NA	0	1	3	3	0	114.310913	129.815918	294.194947	2530.275537	3944.046370	4562.961365	217.428223	247.167236	306.290527	0.122925	0.132080	0.166870	6.816650	7.273193	262.724609	0.000000	0.000000	0.000000				512.000000	512.000000	512.000000	8.000000	8.000000	8.000000	Ada	12
standard	512	2	8	inproc	0	NA	NA	3	3	0	104.830078	106.458984	121.281005	4285.610004	4809.363935	4885.273955	208.559449	211.477295	240.860474	0.000000	0.000000	0.000000	0.000000	0.000000	0.000000	0.004883	0.004883	0.005494				512.000000	512.000000	512.000000	64.000000	64.000000	64.000000	Ada	12
standard	512	2	8	zmq	NA	0	0	3	3	0	105.720582	115.487061	124.638550	4130.144441	4433.397106	4884.640786	169.266968	189.021240	204.622803	0.213379	0.241699	0.249755	40.424683	40.486816	43.290283	0.000000	0.000000	0.000000	0.306461	0.343879	0.375262	512.000000	512.000000	512.000000	64.000000	64.000000	64.000000	Ada	12
standard	512	2	8	zmq	NA	0	1	3	3	0	155.706055	217.895020	219.907471	2328.446963	2349.755406	3912.345266	266.072754	374.337158	382.652832	0.308350	0.427979	0.461304	33.074951	38.039551	46.828125	0.000000	0.000000	0.000000	0.275135	0.289215	0.362058	512.000000	512.000000	512.000000	64.000000	64.000000	64.000000	Ada	12
standard	512	4	128	inproc	0	NA	NA	3	3	0	56.618042	57.166016	58.222046	8796.813793	8956.370221	9043.900964	193.328003	198.227783	200.001953	0.000000	0.000000	0.000000	0.000000	0.000000	0.000000	0.000000	0.000000	0.000489				512.000000	512.000000	512.000000	4.000000	4.000000	4.000000	Ada	12
standard	512	4	128	zmq	NA	0	0	3	3	0	61.534546	66.868164	480.735107	4114.589480	7656.857447	8383.513672	205.870239	220.584473	266.202759	0.116699	0.117432	0.131226	3.157837	3.202881	1551.084961	0.000000	0.000000	0.000000				512.000000	512.000000	512.000000	4.000000	4.000000	4.000000	Ada	12
standard	512	4	128	zmq	NA	0	1	3	3	0	69.685058	73.790039	261.814453	4038.395613	6938.605895	7372.927453	240.531616	245.863770	363.076294	0.142700	0.146240	0.277832	3.471924	3.677002	492.950317	0.000000	0.000000	0.000000				512.000000	512.000000	512.000000	4.000000	4.000000	4.000000	Ada	12
standard	512	4	16	inproc	0	NA	NA	3	3	0	58.529541	59.601074	66.045532	7826.746662	8590.449194	8750.652304	219.361450	229.539551	255.729492	0.000000	0.000000	0.000000	0.000000	0.000000	0.000000	0.002442	0.002930	0.003418				512.000000	512.000000	512.000000	32.000000	32.000000	32.000000	Ada	12
standard	512	4	16	zmq	NA	0	0	3	3	0	62.848022	64.748047	167.835449	4898.705663	7907.574432	8154.089248	213.530274	219.789307	260.290649	0.190552	0.197266	0.235596	20.134155	21.559570	372.295410	0.000000	0.000000	0.000000				512.000000	512.000000	512.000000	32.000000	32.000000	32.000000	Ada	12
standard	512	4	16	zmq	NA	0	1	3	3	0	85.312988	100.741943	318.616943	3018.320122	5082.292270	6204.357719	297.413452	359.007568	406.938110	0.283691	0.333740	0.371582	23.837525	25.895752	838.325195	0.000000	0.000000	0.000000				512.000000	512.000000	512.000000	32.000000	32.000000	32.000000	Ada	12
standard	512	4	32	inproc	0	NA	NA	3	3	0	77.486572	79.157959	85.728394	6007.639607	6468.079857	6610.672171	285.931640	289.194580	314.551025	0.000000	0.000000	0.000000	0.000000	0.000000	0.000000	0.000489	0.000977	0.001953				512.000000	512.000000	512.000000	16.000000	16.000000	16.000000	Ada	12
standard	512	4	32	zmq	NA	0	0	3	3	0	58.388550	62.100098	129.638550	5420.702627	8244.753540	8804.418412	175.702759	181.784912	197.770508	0.145630	0.156982	0.174926	11.223755	11.553955	302.559814	0.000000	0.000000	0.000000				512.000000	512.000000	512.000000	16.000000	16.000000	16.000000	Ada	12
standard	512	4	32	zmq	NA	0	1	3	3	0	185.122071	315.510010	321.086060	1595.069119	1622.769434	5488.539464	217.028320	243.101318	423.272461	0.172729	0.203369	0.269531	206.815064	403.680420	697.063355	0.000000	0.000000	0.000000				512.000000	512.000000	512.000000	16.000000	16.000000	16.000000	Ada	12
standard	512	4	64	inproc	0	NA	NA	3	3	0	76.524048	83.745117	87.970947	5833.564362	6113.789283	6750.819570	273.431031	297.302979	311.967408	0.000000	0.000000	0.000000	0.000000	0.000000	0.000000	0.000489	0.000977	0.000977				512.000000	512.000000	512.000000	8.000000	8.000000	8.000000	Ada	12
standard	512	4	64	zmq	NA	0	0	3	3	0	57.657105	62.981201	130.755127	5354.188761	8129.409895	8956.455120	194.895142	196.820557	207.043213	0.104004	0.108154	0.115478	5.838257	5.952393	273.771363	0.000000	0.000000	0.000000				512.000000	512.000000	512.000000	8.000000	8.000000	8.000000	Ada	12
standard	512	4	64	zmq	NA	0	1	3	3	0	56.165527	59.278076	194.213012	5096.394427	8637.257365	9143.993953	186.524658	188.619141	194.210450	0.107910	0.114014	0.115479	6.236206	6.679199	493.871582	0.000000	0.000000	0.000000				512.000000	512.000000	512.000000	8.000000	8.000000	8.000000	Ada	12
standard	512	4	8	inproc	0	NA	NA	3	3	0	77.605469	77.733887	78.511474	6521.979500	6586.574036	6597.491262	298.943603	299.915039	305.454101	0.000000	0.000000	0.000000	0.000000	0.000000	0.000000	0.007446	0.008789	0.009399				512.000000	512.000000	512.000000	64.000000	64.000000	64.000000	Ada	12
standard	512	4	8	zmq	NA	0	0	3	3	0	56.373535	56.791992	57.809448	8859.428084	9015.355515	9082.776365	188.994751	189.283447	192.792602	0.188232	0.188721	0.192627	30.753540	31.221191	32.025146	0.000000	0.000000	0.000000				512.000000	512.000000	512.000000	64.000000	64.000000	64.000000	Ada	12
standard	512	4	8	zmq	NA	0	1	3	3	0	123.533935	189.223877	251.609497	2168.194107	2705.789609	5778.591954	168.258301	178.900635	185.338257	0.187988	0.195068	0.198242	297.696656	563.225098	806.514404	0.000000	0.000000	0.000000				512.000000	512.000000	512.000000	64.000000	64.000000	64.000000	Ada	12
standard	512	8	128	inproc	0	NA	NA	3	3	0	91.201049	93.995117	98.023071	5232.094752	5447.091459	5619.244609	340.800415	345.619629	346.055908	0.000000	0.000000	0.000000	0.000000	0.000000	0.000000	0.000977	0.000977	0.001099				512.000000	512.000000	512.000000	4.000000	4.000000	4.000000	Ada	12
standard	512	8	128	zmq	NA	0	0	3	3	0	131.074951	191.629883	360.553467	1819.404487	2671.817112	4966.083387	257.739868	262.382812	313.458496	0.159546	0.173096	0.204101	113.873413	224.199707	882.932251	0.000000	0.000000	0.000000				512.000000	512.000000	512.000000	4.000000	4.000000	4.000000	Ada	12
standard	512	8	128	zmq	NA	0	1	3	3	0	118.797973	183.000000	305.065552	1998.254700	2797.814208	6087.899838	210.281006	229.989014	290.051880	0.140502	0.144775	0.197998	60.352051	117.513916	622.277832	0.000000	0.000000	0.000000				512.000000	512.000000	512.000000	4.000000	4.000000	4.000000	Ada	12
standard	512	8	16	inproc	0	NA	NA	3	3	0	45.080933	47.187988	49.015503	10460.215762	10850.218851	11382.216816	328.696167	351.055176	361.881958	0.000000	0.000000	0.000000	0.000000	0.000000	0.000000	0.004516	0.005127	0.007202				512.000000	512.000000	512.000000	32.000000	32.000000	32.000000	Ada	12
standard	512	8	16	zmq	NA	0	0	3	3	0	36.432006	37.806152	314.133545	7204.944246	13542.769318	14073.598494	242.921265	244.365234	245.932617	0.162475	0.168945	0.179443	14.901245	15.067871	2006.547974	0.000000	0.000000	0.000000				512.000000	512.000000	512.000000	32.000000	32.000000	32.000000	Ada	12
standard	512	8	16	zmq	NA	0	1	3	3	0	42.422973	46.067871	235.322387	6159.971433	11114.036482	12158.686639	264.710572	266.731934	276.707276	0.189575	0.191650	0.227294	17.937378	19.222412	1364.826050	0.000000	0.000000	0.000000				512.000000	512.000000	512.000000	32.000000	32.000000	32.000000	Ada	12
standard	512	8	32	inproc	0	NA	NA	3	3	0	37.343505	38.945068	47.348511	11165.128552	13146.722334	13735.814463	269.946899	276.543945	320.360839	0.000000	0.000000	0.000000	0.000000	0.000000	0.000000	0.001465	0.001953	0.003540				512.000000	512.000000	512.000000	16.000000	16.000000	16.000000	Ada	12
standard	512	8	32	zmq	NA	0	0	3	3	0	43.577514	46.757080	50.256958	10237.291691	10950.213297	11812.061988	268.740478	293.357178	323.406983	0.189087	0.192627	0.221802	8.257935	8.626953	11.650146	0.000000	0.000000	0.000000				512.000000	512.000000	512.000000	16.000000	16.000000	16.000000	Ada	12
standard	512	8	32	zmq	NA	0	1	3	3	0	39.062500	43.766113	120.685058	7144.794571	11698.548526	13300.039537	265.151734	304.246094	311.934449	0.159913	0.181641	0.209839	7.773072	7.891846	512.987305	0.000000	0.000000	0.000000				512.000000	512.000000	512.000000	16.000000	16.000000	16.000000	Ada	12
standard	512	8	64	inproc	0	NA	NA	3	3	0	72.854980	73.676025	74.228027	6898.045587	6949.343389	7028.552210	499.227295	522.623779	524.396972	0.000000	0.000000	0.000000	0.000000	0.000000	0.000000	0.000489	0.000977	0.001465				512.000000	512.000000	512.000000	8.000000	8.000000	8.000000	Ada	12
standard	512	8	64	zmq	NA	0	0	3	3	0	55.387451	66.962891	92.299927	5999.199730	7646.025959	9666.159412	353.613037	433.813965	523.352295	0.276855	0.389404	0.389404	5.940063	5.990479	14.666138	0.000000	0.000000	0.000000				512.000000	512.000000	512.000000	8.000000	8.000000	8.000000	Ada	12
standard	512	8	64	zmq	NA	0	1	3	3	0	47.865967	59.319092	60.977539	8402.749956	8631.285215	11346.129308	295.561645	367.239746	375.787598	0.235107	0.241699	0.257812	5.627930	6.174805	6.433838	0.000000	0.000000	0.000000				512.000000	512.000000	512.000000	8.000000	8.000000	8.000000	Ada	12
standard	512	8	8	inproc	0	NA	NA	3	3	0	56.426513	62.609131	64.881592	7900.990778	8177.720933	9184.006702	418.271851	458.692871	474.790772	0.000000	0.000000	0.000000	0.000000	0.000000	0.000000	0.009888	0.010010	0.014283				512.000000	512.000000	512.000000	64.000000	64.000000	64.000000	Ada	12
standard	512	8	8	zmq	NA	0	0	3	3	0	38.326049	39.528076	516.324463	6734.182558	12952.818593	13372.213585	242.791992	244.575195	267.714966	0.232666	0.275146	0.275879	30.318115	32.159912	3622.183350	0.000000	0.000000	0.000000				512.000000	512.000000	512.000000	64.000000	64.000000	64.000000	Ada	12
standard	512	8	8	zmq	NA	0	1	3	3	0	39.423096	40.302002	409.719483	6680.610450	12704.083549	12993.769195	229.737182	245.903564	252.215332	0.201660	0.206299	0.213257	29.578369	29.704590	2826.893921	0.000000	0.000000	0.000000				512.000000	512.000000	512.000000	64.000000	64.000000	64.000000	Ada	12
standard	768	1	128	inproc	0	NA	NA	3	3	0	272.142578	272.410156	273.968017	2803.337558	2819.278145	2822.052865	272.108520	272.376953	273.934692	0.000000	0.000000	0.000000	0.000000	0.000000	0.000000	0.001465	0.001953	0.002442				768.000000	768.000000	768.000000	6.000000	6.000000	6.000000	Ada	12
standard	768	1	128	zmq	NA	0	0	3	3	0	223.133545	225.401123	227.732544	3372.730515	3407.258977	3442.240491	218.478027	220.864258	223.127198	0.109253	0.113525	0.155761	4.455445	4.528809	4.531372	0.000000	0.000000	0.000000	0.291543	0.307654	0.309383	768.000000	768.000000	768.000000	6.000000	6.000000	6.000000	Ada	12
standard	768	1	128	zmq	NA	0	1	3	3	0	240.001587	248.714111	273.459594	2831.645777	3087.882694	3204.201438	234.835572	243.994873	268.662109	0.125855	0.130859	0.131470	4.627808	4.706787	5.078491	0.000000	0.000000	0.000000	0.375588	0.408128	0.422328	768.000000	768.000000	768.000000	6.000000	6.000000	6.000000	Ada	12
standard	768	1	16	inproc	0	NA	NA	3	3	0	220.419556	223.723145	225.060669	3412.533737	3432.814256	3485.047204	220.171509	223.283691	224.806397	0.000000	0.000000	0.000000	0.000000	0.000000	0.000000	0.006835	0.007812	0.185791				768.000000	768.000000	768.000000	48.000000	48.000000	48.000000	Ada	12
standard	768	1	16	zmq	NA	0	0	3	3	0	240.832519	240.996094	242.386597	3168.596310	3186.773645	3188.939583	208.240844	208.955078	211.503418	0.251709	0.256836	0.258178	30.521484	31.680908	32.226562	0.000000	0.000000	0.000000	0.312130	0.325163	0.326613	768.000000	768.000000	768.000000	48.000000	48.000000	48.000000	Ada	12
standard	768	1	16	zmq	NA	0	1	3	3	0	236.031494	236.937988	239.423584	3208.049805	3241.354439	3253.851063	208.671753	210.267090	212.359741	0.251587	0.254883	0.257691	26.689208	27.056396	27.378906	0.000000	0.000000	0.000000	0.330485	0.333168	0.334724	768.000000	768.000000	768.000000	48.000000	48.000000	48.000000	Ada	12
standard	768	1	32	inproc	0	NA	NA	3	3	0	222.915894	225.836914	248.874390	3112.564345	3400.684087	3445.837266	222.846558	225.776123	248.803711	0.000000	0.000000	0.000000	0.000000	0.000000	0.000000	0.002930	0.004883	0.005982				768.000000	768.000000	768.000000	24.000000	24.000000	24.000000	Ada	12
standard	768	1	32	zmq	NA	0	0	3	3	0	229.693970	234.575928	345.136475	2479.661769	3273.993233	3345.090402	211.966797	217.804199	328.140380	0.206543	0.226318	0.277954	16.558594	16.770264	17.594849	0.000000	0.000000	0.000000	0.262563	0.269627	5.867481	768.000000	768.000000	768.000000	24.000000	24.000000	24.000000	Ada	12
standard	768	1	32	zmq	NA	0	1	3	3	0	256.508911	277.023926	291.708496	2639.453927	2772.323718	3013.322586	240.540894	260.426270	274.782349	0.207398	0.234863	0.237061	15.677612	16.276611	16.593139	0.000000	0.000000	0.000000	0.308213	0.317156	0.329473	768.000000	768.000000	768.000000	24.000000	24.000000	24.000000	Ada	12
standard	768	1	64	inproc	0	NA	NA	3	3	0	262.163086	265.219971	280.028442	2750.269705	2895.709542	2929.872562	262.120972	265.177979	279.983643	0.000000	0.000000	0.000000	0.000000	0.000000	0.000000	0.002930	0.003906	0.004028				768.000000	768.000000	768.000000	12.000000	12.000000	12.000000	Ada	12
standard	768	1	64	zmq	NA	0	0	3	3	0	243.980957	256.052979	269.712037	2854.803162	2999.379286	3155.511999	236.771240	248.182617	261.235474	0.158447	0.158936	0.164185	6.995972	7.657227	8.257324	0.000000	0.000000	0.000000	0.359094	0.393795	0.407794	768.000000	768.000000	768.000000	12.000000	12.000000	12.000000	Ada	12
standard	768	1	64	zmq	NA	0	1	3	3	0	283.554443	300.562988	302.557983	2538.466788	2555.204832	2718.254860	274.103272	290.708252	292.936280	0.177490	0.177734	0.230468	8.978638	9.151123	9.330566	0.000000	0.000000	0.000000	0.255819	0.258154	0.362098	768.000000	768.000000	768.000000	12.000000	12.000000	12.000000	Ada	12
standard	768	1	8	inproc	0	NA	NA	3	3	0	353.801636	398.845215	486.388183	1631.849306	1925.559017	2206.471752	353.628906	398.618408	486.110229	0.000000	0.000000	0.000000	0.000000	0.000000	0.000000	0.017579	0.018311	0.031372				768.000000	768.000000	768.000000	96.000000	96.000000	96.000000	Ada	12
standard	768	1	8	zmq	NA	0	0	3	3	0	259.673095	265.669189	268.054077	2865.320333	2890.813201	2959.142560	210.004883	213.944336	215.418824	0.325806	0.338135	0.338501	46.166381	56.019531	57.540039	0.000000	0.000000	0.000000	0.272875	0.321625	0.328341	768.000000	768.000000	768.000000	96.000000	96.000000	96.000000	Ada	12
standard	768	1	8	zmq	NA	0	1	3	3	0	256.339356	260.440918	261.985962	2931.556738	2948.845389	2996.795673	210.018310	216.466309	216.841919	0.278809	0.306152	0.312378	39.089355	42.847900	51.175293	0.000000	0.000000	0.000000	0.244069	0.251474	0.296476	768.000000	768.000000	768.000000	96.000000	96.000000	96.000000	Ada	12
standard	768	12	128	inproc	0	NA	NA	3	3	0	153.954956	161.895996	163.478516	4698.305288	4743.786249	5001.779442	770.927124	799.814453	809.466674	0.000000	0.000000	0.000000	0.000000	0.000000	0.000000	0.001953	0.002930	0.003540				768.000000	768.000000	768.000000	6.000000	6.000000	6.000000	Ada	12
standard	768	12	128	zmq	NA	0	0	3	3	0	204.073364	209.059814	408.891357	2467.623800	3673.589791	3765.600723	815.163086	857.030029	1360.889892	0.556519	0.645996	0.713989	5.980590	6.267822	547.193481	0.000000	0.000000	0.000000				768.000000	768.000000	768.000000	6.000000	6.000000	6.000000	Ada	12
standard	768	12	128	zmq	NA	0	1	3	3	0	117.344605	140.342041	149.228027	5164.799499	5472.344527	6806.246737	531.442994	606.386475	609.148804	0.332519	0.368896	0.372070	4.677856	5.482178	6.083984	0.000000	0.000000	0.000000				768.000000	768.000000	768.000000	6.000000	6.000000	6.000000	Ada	12
standard	768	12	16	inproc	0	NA	NA	3	3	0	165.493042	182.967041	187.024414	4108.349326	4197.477293	4692.999441	1492.632812	1620.316895	1673.588379	0.000000	0.000000	0.000000	0.000000	0.000000	0.000000	0.017456	0.021973	0.022095				768.000000	768.000000	768.000000	48.000000	48.000000	48.000000	Ada	12
standard	768	12	16	zmq	NA	0	0	3	3	0	144.167481	145.349854	162.658936	4775.613979	5283.803055	5327.495901	1182.746216	1257.699707	1376.703369	0.553467	0.564209	0.573242	129.669189	165.283203	173.056518	0.000000	0.000000	0.000000	1.065897	1.745489	5.057522	768.000000	768.000000	768.000000	48.000000	48.000000	48.000000	Ada	12
standard	768	12	16	zmq	NA	0	1	3	3	0	160.687012	206.504883	810.569458	2130.968493	3719.040390	5202.454580	1167.000366	1343.633301	1540.253785	0.583497	0.657227	0.668091	158.699707	260.455811	7387.291504	0.000000	0.000000	0.000000	0.401207	0.401207	0.401207	768.000000	768.000000	768.000000	48.000000	48.000000	48.000000	Ada	12
standard	768	12	32	inproc	0	NA	NA	3	3	0	151.245483	153.838135	160.551025	4791.903215	4992.260217	5079.330138	1233.720826	1264.929932	1352.184449	0.000000	0.000000	0.000000	0.000000	0.000000	0.000000	0.009399	0.010986	0.011841				768.000000	768.000000	768.000000	24.000000	24.000000	24.000000	Ada	12
standard	768	12	32	zmq	NA	0	0	3	3	0	133.525512	152.086914	162.724975	4739.877094	5049.744120	5865.044880	973.493897	1074.092041	1188.590698	0.551758	0.596191	0.621826	42.643921	53.736328	106.455567	0.000000	0.000000	0.000000	0.584975	0.603361	0.621747	768.000000	768.000000	768.000000	24.000000	24.000000	24.000000	Ada	12
standard	768	12	32	zmq	NA	0	1	3	3	0	92.270020	127.611084	310.646118	3786.972978	6018.285999	9754.392398	723.794556	987.776123	1119.206299	0.383057	0.463867	0.523193	71.054199	108.156494	1970.103149	0.000000	0.000000	0.000000				768.000000	768.000000	768.000000	24.000000	24.000000	24.000000	Ada	12
standard	768	12	64	inproc	0	NA	NA	3	3	0	146.788940	155.178955	162.070435	4747.263878	4949.124703	5249.150361	1141.759765	1176.410400	1255.860962	0.000000	0.000000	0.000000	0.000000	0.000000	0.000000	0.002442	0.003906	0.004882				768.000000	768.000000	768.000000	12.000000	12.000000	12.000000	Ada	12
standard	768	12	64	zmq	NA	0	0	3	3	0	95.940551	130.436035	242.336425	4027.992312	5887.943459	9193.456192	769.271851	1008.930420	1090.586670	0.452881	0.509766	0.588135	14.780273	22.965820	855.950195	0.000000	0.000000	0.000000				768.000000	768.000000	768.000000	12.000000	12.000000	12.000000	Ada	12
standard	768	12	64	zmq	NA	0	1	3	3	0	106.844482	153.906982	178.664551	4382.713830	4990.027014	8918.353524	690.432983	868.461426	1046.138550	0.444702	0.555908	0.565796	15.897828	26.718018	378.009400	0.000000	0.000000	0.000000				768.000000	768.000000	768.000000	12.000000	12.000000	12.000000	Ada	12
standard	768	12	8	inproc	0	NA	NA	3	3	0	95.160400	97.774902	100.686035	7634.053256	7854.776447	8076.680699	901.648803	904.972656	934.109009	0.000000	0.000000	0.000000	0.000000	0.000000	0.000000	0.014526	0.015137	0.016358				768.000000	768.000000	768.000000	96.000000	96.000000	96.000000	Ada	12
standard	768	12	8	zmq	NA	0	0	3	3	0	60.855469	67.302979	80.840454	9774.290302	11411.084872	12763.333376	538.453247	594.751709	662.982422	0.387573	0.417480	0.430053	52.815674	64.377686	136.935303	0.000000	0.000000	0.000000				768.000000	768.000000	768.000000	96.000000	96.000000	96.000000	Ada	12
standard	768	12	8	zmq	NA	0	1	3	3	0	131.911011	156.400879	171.108399	4521.790550	4910.458339	6029.944451	1057.061645	1191.912109	1337.888549	0.641114	0.694336	0.791504	164.635864	224.527588	268.402344	0.000000	0.000000	0.000000				768.000000	768.000000	768.000000	96.000000	96.000000	96.000000	Ada	12
standard	768	2	128	inproc	0	NA	NA	3	3	0	193.165039	203.770020	250.165405	3179.321549	3768.954833	3987.894795	381.285400	400.382812	489.719971	0.000000	0.000000	0.000000	0.000000	0.000000	0.000000	0.000489	0.000977	0.001465				768.000000	768.000000	768.000000	6.000000	6.000000	6.000000	Ada	12
standard	768	2	128	zmq	NA	0	0	3	3	0	116.019531	116.388916	133.857910	5836.835977	6598.566481	6619.642200	224.956299	226.007080	257.498780	0.121216	0.126953	0.127197	5.021851	5.563477	5.648804	0.000000	0.000000	0.000000	0.416594	0.434371	0.458774	768.000000	768.000000	768.000000	6.000000	6.000000	6.000000	Ada	12
standard	768	2	128	zmq	NA	0	1	3	3	0	228.378051	247.445068	250.283935	3068.909786	3103.719161	3386.449905	450.052490	487.671143	490.757202	0.207031	0.208984	0.217896	5.108643	5.217041	5.711670	0.000000	0.000000	0.000000	0.193499	0.197098	0.384906	768.000000	768.000000	768.000000	6.000000	6.000000	6.000000	Ada	12
standard	768	2	16	inproc	0	NA	NA	3	3	0	306.924927	346.599854	365.775391	2105.435578	2215.811669	2544.762710	607.720703	683.981689	724.295776	0.000000	0.000000	0.000000	0.000000	0.000000	0.000000	0.019776	0.023438	0.026124				768.000000	768.000000	768.000000	48.000000	48.000000	48.000000	Ada	12
standard	768	2	16	zmq	NA	0	0	3	3	0	204.808960	216.748047	218.135498	3520.889898	3543.284524	3762.621952	362.275269	382.428223	389.862305	0.388550	0.390137	0.390747	38.345092	39.191162	42.302734	0.000000	0.000000	0.000000	0.413438	0.424394	0.457272	768.000000	768.000000	768.000000	48.000000	48.000000	48.000000	Ada	12
standard	768	2	16	zmq	NA	0	1	3	3	0	190.573608	213.934082	225.719482	3411.754281	3589.890833	4091.415730	344.409790	392.248779	417.800049	0.374512	0.433838	0.463013	28.836670	30.132324	31.522705	0.000000	0.000000	0.000000	0.267430	0.290704	0.330307	768.000000	768.000000	768.000000	48.000000	48.000000	48.000000	Ada	12
standard	768	2	32	inproc	0	NA	NA	3	3	0	180.245362	181.405762	184.268799	4168.830809	4233.603127	4261.035217	355.528198	355.651611	362.069580	0.000000	0.000000	0.000000	0.000000	0.000000	0.000000	0.002442	0.002930	0.002930				768.000000	768.000000	768.000000	24.000000	24.000000	24.000000	Ada	12
standard	768	2	32	zmq	NA	0	0	3	3	0	150.223511	161.115967	176.284546	4389.089330	4766.752888	5139.402377	281.206665	304.262207	332.814697	0.223877	0.275146	0.287964	17.187988	19.408691	19.812134	0.000000	0.000000	0.000000	0.289049	0.290250	0.309820	768.000000	768.000000	768.000000	24.000000	24.000000	24.000000	Ada	12
standard	768	2	32	zmq	NA	0	1	3	3	0	257.507568	290.801025	376.447998	2151.488537	2640.981059	3033.139202	491.892456	560.247314	697.283569	0.329468	0.355713	0.417847	18.320678	18.556396	19.146850	0.000000	0.000000	0.000000	0.387523	0.427769	0.821844	768.000000	768.000000	768.000000	24.000000	24.000000	24.000000	Ada	12
standard	768	2	64	inproc	0	NA	NA	3	3	0	193.938110	195.253174	209.764160	3678.859963	3933.354757	3960.208300	382.169433	389.101318	415.979248	0.000000	0.000000	0.000000	0.000000	0.000000	0.000000	0.001953	0.001953	0.002442				768.000000	768.000000	768.000000	12.000000	12.000000	12.000000	Ada	12
standard	768	2	64	zmq	NA	0	0	3	3	0	146.304688	163.669189	174.073608	4427.744725	4692.392029	5324.321091	280.111084	314.507324	336.166381	0.156250	0.163330	0.220093	8.939819	9.193848	10.408691	0.000000	0.000000	0.000000				768.000000	768.000000	768.000000	12.000000	12.000000	12.000000	Ada	12
standard	768	2	64	zmq	NA	0	1	3	3	0	170.153076	195.959961	257.998047	3159.448497	3919.167958	4619.855069	322.026123	367.570312	369.917358	0.174316	0.188477	0.192017	9.562866	9.809570	118.781006	0.000000	0.000000	0.000000				768.000000	768.000000	768.000000	12.000000	12.000000	12.000000	Ada	12
standard	768	2	8	inproc	0	NA	NA	3	3	0	176.280884	192.454834	211.226928	3664.845650	3990.546686	4393.670410	350.653809	382.480225	419.954468	0.000000	0.000000	0.000000	0.000000	0.000000	0.000000	0.007935	0.008789	0.011963				768.000000	768.000000	768.000000	96.000000	96.000000	96.000000	Ada	12
standard	768	2	8	zmq	NA	0	0	3	3	0	159.376953	166.938965	174.018433	4420.641956	4600.483780	4829.637195	255.696411	270.401367	283.525024	0.316650	0.354492	0.367553	59.992188	60.658936	61.008667	0.000000	0.000000	0.000000	0.274845	0.277793	1.428857	768.000000	768.000000	768.000000	96.000000	96.000000	96.000000	Ada	12
standard	768	2	8	zmq	NA	0	1	3	3	0	191.911621	195.641113	243.994018	3276.285547	3925.555253	4003.353968	323.103516	337.810059	424.792358	0.410400	0.474609	0.593383	58.273438	66.048828	67.883667	0.000000	0.000000	0.000000	0.294072	0.310884	0.332757	768.000000	768.000000	768.000000	96.000000	96.000000	96.000000	Ada	12
standard	768	4	128	inproc	0	NA	NA	3	3	0	149.066040	156.655029	156.699585	4901.098253	4902.491822	5165.467037	444.188476	461.012939	478.732788	0.000000	0.000000	0.000000	0.000000	0.000000	0.000000	0.000489	0.000977	0.001465				768.000000	768.000000	768.000000	6.000000	6.000000	6.000000	Ada	12
standard	768	4	128	zmq	NA	0	0	3	3	0	105.558472	114.816895	119.167847	6453.294071	6688.911097	7331.992468	317.888671	341.557861	350.487915	0.205566	0.208008	0.246949	5.250000	5.290039	5.677856	0.000000	0.000000	0.000000				768.000000	768.000000	768.000000	6.000000	6.000000	6.000000	Ada	12
standard	768	4	128	zmq	NA	0	1	3	3	0	119.407593	125.284180	148.762574	5294.466610	6130.063683	6447.367769	358.526490	373.554932	440.206177	0.217163	0.217285	0.264649	5.696045	6.065918	6.219482	0.000000	0.000000	0.000000				768.000000	768.000000	768.000000	6.000000	6.000000	6.000000	Ada	12
standard	768	4	16	inproc	0	NA	NA	3	3	0	153.011108	153.830078	159.826538	4811.983053	4992.521680	5019.387220	589.286621	595.096924	618.086181	0.000000	0.000000	0.000000	0.000000	0.000000	0.000000	0.007935	0.010986	0.012939				768.000000	768.000000	768.000000	48.000000	48.000000	48.000000	Ada	12
standard	768	4	16	zmq	NA	0	0	3	3	0	92.684448	95.847900	119.020508	6706.900231	8012.695081	8295.844047	327.052490	338.538818	425.147461	0.288697	0.299561	0.358521	31.113647	33.752197	38.062744	0.000000	0.000000	0.000000	0.255843	0.349377	0.395682	768.000000	768.000000	768.000000	48.000000	48.000000	48.000000	Ada	12
standard	768	4	16	zmq	NA	0	1	3	3	0	150.714966	167.074951	185.365478	4183.902080	4596.739335	5156.469893	437.784180	477.183350	500.351929	0.357056	0.381592	0.400025	64.138062	104.876709	158.349853	0.000000	0.000000	0.000000	0.173489	0.205852	0.238215	768.000000	768.000000	768.000000	48.000000	48.000000	48.000000	Ada	12
standard	768	4	32	inproc	0	NA	NA	3	3	0	102.600953	106.002930	110.939942	6936.401389	7245.082775	7493.549143	387.786011	393.584473	416.203492	0.000000	0.000000	0.000000	0.000000	0.000000	0.000000	0.004760	0.005371	0.006347				768.000000	768.000000	768.000000	24.000000	24.000000	24.000000	Ada	12
standard	768	4	32	zmq	NA	0	0	3	3	0	155.517944	219.786865	269.203980	2952.340449	3494.294344	5955.411387	283.556884	315.600830	369.363525	0.190063	0.203613	0.242188	315.089477	612.824219	665.650269	0.000000	0.000000	0.000000				768.000000	768.000000	768.000000	24.000000	24.000000	24.000000	Ada	12
standard	768	4	32	zmq	NA	0	1	3	3	0	234.991943	324.769043	1058.652466	1396.600356	2364.757407	3826.736471	554.660157	593.676270	626.261353	0.353271	0.401611	0.403320	290.277954	561.884521	3556.434814	0.000000	0.000000	0.000000				768.000000	768.000000	768.000000	24.000000	24.000000	24.000000	Ada	12
standard	768	4	64	inproc	0	NA	NA	3	3	0	159.911011	163.540039	168.378051	4564.933297	4696.097692	4805.145909	607.238892	619.816406	637.409790	0.000000	0.000000	0.000000	0.000000	0.000000	0.000000	0.002930	0.003906	0.006103				768.000000	768.000000	768.000000	12.000000	12.000000	12.000000	Ada	12
standard	768	4	64	zmq	NA	0	0	3	3	0	187.188964	204.406982	205.487426	3737.558278	3757.210203	4137.814726	694.153564	759.670898	774.852417	0.374878	0.390869	0.402344	11.296997	11.751221	12.406128	0.000000	0.000000	0.000000				768.000000	768.000000	768.000000	12.000000	12.000000	12.000000	Ada	12
standard	768	4	64	zmq	NA	0	1	3	3	0	89.545044	94.343994	97.144531	7912.321929	8140.422790	8601.393695	311.779053	318.308105	336.509033	0.181518	0.185547	0.205322	8.450074	8.617432	9.102417	0.000000	0.000000	0.000000				768.000000	768.000000	768.000000	12.000000	12.000000	12.000000	Ada	12
standard	768	4	8	inproc	0	NA	NA	3	3	0	146.891602	147.065186	151.041626	5088.217667	5222.174080	5228.352501	572.590698	574.218994	588.930420	0.000000	0.000000	0.000000	0.000000	0.000000	0.000000	0.022094	0.023193	0.024047				768.000000	768.000000	768.000000	96.000000	96.000000	96.000000	Ada	12
standard	768	4	8	zmq	NA	0	0	3	3	0	130.286988	148.651123	158.350586	4868.263279	5166.459454	6014.164470	437.978516	502.851807	531.149292	0.464844	0.560791	0.589356	61.157715	62.200928	71.274536	0.000000	0.000000	0.000000	0.271282	0.289098	0.357982	768.000000	768.000000	768.000000	96.000000	96.000000	96.000000	Ada	12
standard	768	4	8	zmq	NA	0	1	3	3	0	87.783814	89.787842	210.625977	5435.244763	8553.496605	8753.327479	296.199829	299.293457	610.676148	0.284180	0.295410	0.564575	48.709961	51.854736	157.838745	0.000000	0.000000	0.000000	0.264836	0.273304	0.476820	768.000000	768.000000	768.000000	96.000000	96.000000	96.000000	Ada	12
standard	768	8	128	inproc	0	NA	NA	3	3	0	139.290527	147.729004	172.834473	4539.336541	5198.708308	5533.966166	784.229736	831.160645	939.700440	0.000000	0.000000	0.000000	0.000000	0.000000	0.000000	0.000977	0.001953	0.002564				768.000000	768.000000	768.000000	6.000000	6.000000	6.000000	Ada	12
standard	768	8	128	zmq	NA	0	0	3	3	0	72.010009	75.072998	259.949951	5978.278650	10230.043025	10684.515187	367.327759	409.403564	494.670898	0.245239	0.286621	0.318115	4.991089	5.149170	776.184936	0.000000	0.000000	0.000000				768.000000	768.000000	768.000000	6.000000	6.000000	6.000000	Ada	12
standard	768	8	128	zmq	NA	0	1	3	3	0	73.813965	79.890869	232.239868	5805.025636	9613.113592	10475.536184	376.372803	411.352295	490.665650	0.240723	0.245850	0.296753	5.344482	6.092041	718.707642	0.000000	0.000000	0.000000				768.000000	768.000000	768.000000	6.000000	6.000000	6.000000	Ada	12
standard	768	8	16	inproc	0	NA	NA	3	3	0	106.437011	107.406982	113.401489	6791.374812	7150.373120	7216.134445	785.198731	789.133789	839.933106	0.000000	0.000000	0.000000	0.000000	0.000000	0.000000	0.013305	0.013916	0.016358				768.000000	768.000000	768.000000	48.000000	48.000000	48.000000	Ada	12
standard	768	8	16	zmq	NA	0	0	3	3	0	66.140015	78.459961	84.838501	9103.955761	9788.432097	12029.101077	404.741944	450.413086	530.778442	0.268189	0.283691	0.345947	30.322509	35.049316	51.373291	0.000000	0.000000	0.000000				768.000000	768.000000	768.000000	48.000000	48.000000	48.000000	Ada	12
standard	768	8	16	zmq	NA	0	1	3	3	0	61.125000	66.924072	73.963012	10478.472128	11475.691392	12678.533647	414.341065	458.129883	505.059570	0.276245	0.302246	0.337769	23.780762	24.166504	26.311889	0.000000	0.000000	0.000000	0.321292	0.329584	1.769186	768.000000	768.000000	768.000000	48.000000	48.000000	48.000000	Ada	12
standard	768	8	32	inproc	0	NA	NA	3	3	0	108.217407	118.814941	119.368530	6433.994927	6463.833512	7165.542032	748.493408	781.787598	792.600830	0.000000	0.000000	0.000000	0.000000	0.000000	0.000000	0.004883	0.004883	0.007446				768.000000	768.000000	768.000000	24.000000	24.000000	24.000000	Ada	12
standard	768	8	32	zmq	NA	0	0	3	3	0	64.366577	68.264160	73.872070	10456.611851	11250.413075	11975.568495	426.871338	457.239502	510.740357	0.275879	0.306641	0.315552	13.222168	14.828369	17.794068	0.000000	0.000000	0.000000	0.349695	0.386907	3.198304	768.000000	768.000000	768.000000	24.000000	24.000000	24.000000	Ada	12
standard	768	8	32	zmq	NA	0	1	3	3	0	66.294067	77.170166	86.546143	8979.263919	9952.032497	11905.176747	451.655884	515.323242	559.543457	0.284301	0.323486	0.339843	15.208374	15.984131	16.042237	0.000000	0.000000	0.000000	2.967344	5.538858	7.307750	768.000000	768.000000	768.000000	24.000000	24.000000	24.000000	Ada	12
standard	768	8	64	inproc	0	NA	NA	3	3	0	95.683471	99.634033	103.633545	7421.781924	7708.209487	8040.170566	564.226685	574.263672	599.287597	0.000000	0.000000	0.000000	0.000000	0.000000	0.000000	0.003418	0.003906	0.004516				768.000000	768.000000	768.000000	12.000000	12.000000	12.000000	Ada	12
standard	768	8	64	zmq	NA	0	0	3	3	0	77.455444	82.799072	237.434082	5617.152332	9275.466246	9962.796602	443.662719	466.437500	493.148193	0.258667	0.279297	0.337159	7.640747	7.992188	993.262207	0.000000	0.000000	0.000000				768.000000	768.000000	768.000000	12.000000	12.000000	12.000000	Ada	12
standard	768	8	64	zmq	NA	0	1	3	3	0	90.074097	101.529053	350.399537	4422.948242	7564.337294	8666.475406	492.811401	511.751709	552.004760	0.262573	0.276123	0.322754	8.480346	10.715576	1894.913330	0.000000	0.000000	0.000000				768.000000	768.000000	768.000000	12.000000	12.000000	12.000000	Ada	12
standard	768	8	8	inproc	0	NA	NA	3	3	0	83.633057	90.403076	92.969482	8267.074985	8495.286140	9243.542457	636.232910	691.024170	707.600586	0.000000	0.000000	0.000000	0.000000	0.000000	0.000000	0.016601	0.020508	0.021607				768.000000	768.000000	768.000000	96.000000	96.000000	96.000000	Ada	12
standard	768	8	8	zmq	NA	0	0	3	3	0	57.836426	57.916016	60.389038	12738.903355	13260.580717	13278.854010	389.186767	395.062500	397.900024	0.316773	0.323975	0.324463	45.123657	46.769531	48.188355	0.000000	0.000000	0.000000				768.000000	768.000000	768.000000	96.000000	96.000000	96.000000	Ada	12
standard	768	8	8	zmq	NA	0	1	3	3	0	59.083984	59.163086	84.436035	9990.702774	12981.067296	12998.469630	386.514892	398.383301	565.514649	0.308350	0.315430	0.451172	48.736084	48.765137	59.359253	0.000000	0.000000	0.000000				768.000000	768.000000	768.000000	96.000000	96.000000	96.000000	Ada	12
