suite	rep	count	threads	batch	mode	inproc_sleep_ms	recv_sleep_ms	recv_verify	exit_code	wall_ms	submitted	batches	sum_build_ms	sum_pack_ms	sum_submit_ack_ms	sum_inproc_ms	zmq	throughput_tx_s	bench_oneway_ms	host	nproc	unix_ts
standard	1	128	1	8	inproc	0	NA	NA	0	77.510986	128	16	77.449951	0.000000	0.000000	0.008057	0	1651.378805	NA	Ada	12	1774747538
standard	2	128	1	8	inproc	0	NA	NA	0	70.760010	128	16	70.701416	0.000000	0.000000	0.003906	0	1808.931350	NA	Ada	12	1774747538
standard	3	128	1	8	inproc	0	NA	NA	0	65.997070	128	16	65.958008	0.000000	0.000000	0.000977	0	1939.480031	NA	Ada	12	1774747538
standard	1	128	1	8	zmq	NA	0	0	0	44.737061	128	16	35.215088	0.085938	9.397949	0.000000	1	2861.162500	NA	Ada	12	1774747540
standard	2	128	1	8	zmq	NA	0	0	0	49.395020	128	16	37.973389	0.061035	11.323486	0.000000	1	2591.354376	NA	Ada	12	1774747541
standard	3	128	1	8	zmq	NA	0	0	0	50.601807	128	16	41.157227	0.057373	9.353516	0.000000	1	2529.553953	NA	Ada	12	1774747542
standard	1	128	1	8	zmq	NA	0	1	0	48.577881	128	16	42.156006	0.073730	6.280029	0.000000	1	2634.944088	NA	Ada	12	1774747544
standard	2	128	1	8	zmq	NA	0	1	0	71.560059	128	16	59.603271	0.099365	11.800293	0.000000	1	1788.707311	NA	Ada	12	1774747545
standard	3	128	1	8	zmq	NA	0	1	0	64.774170	128	16	55.083008	0.101807	9.544189	0.000000	1	1976.096338	NA	Ada	12	1774747546
standard	1	128	1	16	inproc	0	NA	NA	0	51.626953	128	8	51.599609	0.000000	0.000000	0.000977	0	2479.325086	NA	Ada	12	1774747547
standard	2	128	1	16	inproc	0	NA	NA	0	51.614014	128	8	51.585938	0.000000	0.000000	0.001953	0	2479.946644	NA	Ada	12	1774747547
standard	3	128	1	16	inproc	0	NA	NA	0	47.933838	128	8	47.903809	0.000000	0.000000	0.000977	0	2670.347413	NA	Ada	12	1774747547
standard	1	128	1	16	zmq	NA	0	0	0	45.161865	128	8	38.801025	0.053955	6.275635	0.000000	1	2834.249634	NA	Ada	12	1774747549
standard	2	128	1	16	zmq	NA	0	0	0	41.741943	128	8	35.915039	0.045898	5.750000	0.000000	1	3066.460009	NA	Ada	12	1774747550
standard	3	128	1	16	zmq	NA	0	0	0	45.517822	128	8	40.435303	0.039062	5.020508	0.000000	1	2812.085325	NA	Ada	12	1774747551
standard	1	128	1	16	zmq	NA	0	1	0	49.836182	128	8	42.765869	0.060791	6.963379	0.000000	1	2568.415071	NA	Ada	12	1774747553
standard	2	128	1	16	zmq	NA	0	1	0	52.696045	128	8	46.184082	0.053223	6.267090	0.000000	1	2429.024800	NA	Ada	12	1774747554
standard	3	128	1	16	zmq	NA	0	1	0	62.639160	128	8	57.129150	0.056885	5.420166	0.000000	1	2043.450131	NA	Ada	12	1774747555
standard	1	128	1	32	inproc	0	NA	NA	0	54.638916	128	4	54.619873	0.000000	0.000000	0.000000	0	2342.652624	NA	Ada	12	1774747556
standard	2	128	1	32	inproc	0	NA	NA	0	58.794922	128	4	58.773193	0.000000	0.000000	0.001953	0	2177.058765	NA	Ada	12	1774747556
standard	3	128	1	32	inproc	0	NA	NA	0	58.766113	128	4	58.737061	0.000000	0.000000	0.000000	0	2178.126013	NA	Ada	12	1774747556
standard	1	128	1	32	zmq	NA	0	0	0	44.968018	128	4	41.243896	0.043213	3.630859	0.000000	1	2846.467487	NA	Ada	12	1774747558
standard	2	128	1	32	zmq	NA	0	0	0	45.455078	128	4	42.805176	0.039062	2.583984	0.000000	1	2815.967000	NA	Ada	12	1774747559
standard	3	128	1	32	zmq	NA	0	0	0	50.096191	128	4	47.439941	0.049072	2.580811	0.000000	1	2555.084457	NA	Ada	12	1774747560
standard	1	128	1	32	zmq	NA	0	1	0	53.895020	128	4	51.809570	0.048096	1.993164	0.000000	1	2374.987543	NA	Ada	12	1774747562
standard	2	128	1	32	zmq	NA	0	1	0	156.659912	128	4	38.097900	0.040039	118.486816	0.000000	1	817.056503	NA	Ada	12	1774747563
standard	3	128	1	32	zmq	NA	0	1	0	160.375000	128	4	41.682861	0.041016	118.623291	0.000000	1	798.129384	NA	Ada	12	1774747565
standard	1	128	1	64	inproc	0	NA	NA	0	41.509033	128	2	41.491943	0.000000	0.000000	0.000000	0	3083.666135	NA	Ada	12	1774747565
standard	2	128	1	64	inproc	0	NA	NA	0	44.190918	128	2	44.156982	0.000000	0.000000	0.000000	0	2896.522767	NA	Ada	12	1774747565
standard	3	128	1	64	inproc	0	NA	NA	0	49.970947	128	2	49.946045	0.000000	0.000000	0.000000	0	2561.488365	NA	Ada	12	1774747565
standard	1	128	1	64	zmq	NA	0	0	0	37.725830	128	2	35.404053	0.025879	2.276855	0.000000	1	3392.900825	NA	Ada	12	1774747567
standard	2	128	1	64	zmq	NA	0	0	0	63.527100	128	2	61.666016	0.037842	1.800049	0.000000	1	2014.888147	NA	Ada	12	1774747568
standard	3	128	1	64	zmq	NA	0	0	0	36.870117	128	2	35.038086	0.031982	1.783936	0.000000	1	3471.646140	NA	Ada	12	1774747569
standard	1	128	1	64	zmq	NA	0	1	0	45.682861	128	2	43.610352	0.046875	2.007812	0.000000	1	2801.926068	NA	Ada	12	1774747571
standard	2	128	1	64	zmq	NA	0	1	0	39.009033	128	2	37.708984	0.029053	1.251953	0.000000	1	3281.291267	NA	Ada	12	1774747572
standard	3	128	1	64	zmq	NA	0	1	0	54.816162	128	2	52.763184	0.046875	1.980957	0.000000	1	2335.077741	NA	Ada	12	1774747573
standard	1	128	1	128	inproc	0	NA	NA	0	74.655029	128	1	74.624023	0.000000	0.000000	0.000977	0	1714.552940	NA	Ada	12	1774747574
standard	2	128	1	128	inproc	0	NA	NA	0	67.570801	128	1	67.502930	0.000000	0.000000	0.000000	0	1894.309354	NA	Ada	12	1774747574
standard	3	128	1	128	inproc	0	NA	NA	0	61.917969	128	1	61.894043	0.000000	0.000000	0.000000	0	2067.251278	NA	Ada	12	1774747574
standard	1	128	1	128	zmq	NA	0	0	0	44.625977	128	1	43.659180	0.026855	0.923096	0.000000	1	2868.284570	NA	Ada	12	1774747576
standard	2	128	1	128	zmq	NA	0	0	0	41.511963	128	1	40.721924	0.022949	0.750000	0.000000	1	3083.448507	NA	Ada	12	1774747577
standard	3	128	1	128	zmq	NA	0	0	0	68.729004	128	1	67.305908	0.077148	1.323975	0.000000	1	1862.386951	NA	Ada	12	1774747578
standard	1	128	1	128	zmq	NA	0	1	0	127.260986	128	1	49.544922	0.026855	77.668213	0.000000	1	1005.807072	NA	Ada	12	1774747580
standard	2	128	1	128	zmq	NA	0	1	0	46.666992	128	1	45.682129	0.031006	0.938965	0.000000	1	2742.838010	NA	Ada	12	1774747582
standard	3	128	1	128	zmq	NA	0	1	0	126.925049	128	1	54.881836	0.025146	71.993896	0.000000	1	1008.469181	NA	Ada	12	1774747583
standard	1	128	2	8	inproc	0	NA	NA	0	25.379883	128	16	47.323242	0.000000	0.000000	0.000977	0	5043.364500	NA	Ada	12	1774747583
standard	2	128	2	8	inproc	0	NA	NA	0	25.434082	128	16	49.337646	0.000000	0.000000	0.003174	0	5032.617251	NA	Ada	12	1774747583
standard	3	128	2	8	inproc	0	NA	NA	0	51.395996	128	16	89.384033	0.000000	0.000000	0.003174	0	2490.466373	NA	Ada	12	1774747583
standard	1	128	2	8	zmq	NA	0	0	0	36.356934	128	16	60.175781	0.078125	11.452393	0.000000	1	3520.648948	NA	Ada	12	1774747585
standard	2	128	2	8	zmq	NA	0	0	0	29.282959	128	16	44.382080	0.062988	10.900879	0.000000	1	4371.142960	NA	Ada	12	1774747586
standard	3	128	2	8	zmq	NA	0	0	0	30042.205078	120	16	88.700684	0.118164	30339.291260	0.000000	1	3.994381	NA	Ada	12	1774747617
standard	1	128	2	8	zmq	NA	0	1	0	32.125000	128	16	46.071533	0.061523	10.832031	0.000000	1	3984.435798	NA	Ada	12	1774747619
standard	2	128	2	8	zmq	NA	0	1	0	34.181885	128	16	58.006104	0.059082	9.235107	0.000000	1	3744.673557	NA	Ada	12	1774747620
standard	3	128	2	8	zmq	NA	0	1	0	28.050049	128	16	42.785645	0.057861	9.456543	0.000000	1	4563.271914	NA	Ada	12	1774747621
standard	1	128	2	16	inproc	0	NA	NA	0	27.448975	128	8	52.860596	0.000000	0.000000	0.001221	0	4663.197872	NA	Ada	12	1774747622
standard	2	128	2	16	inproc	0	NA	NA	0	32.541016	128	8	63.975098	0.000000	0.000000	0.000000	0	3933.497389	NA	Ada	12	1774747622
standard	3	128	2	16	inproc	0	NA	NA	0	37.060059	128	8	67.577881	0.000000	0.000000	0.000977	0	3453.853147	NA	Ada	12	1774747622
standard	1	128	2	16	zmq	NA	0	0	0	24.863037	128	8	40.624756	0.041992	6.529297	0.000000	1	5148.204519	NA	Ada	12	1774747624
standard	2	128	2	16	zmq	NA	0	0	0	24.284180	128	8	39.625244	0.037842	5.847168	0.000000	1	5270.921301	NA	Ada	12	1774747625
standard	3	128	2	16	zmq	NA	0	0	0	28.123047	128	8	48.820068	0.049072	6.676025	0.000000	1	4551.427182	NA	Ada	12	1774747626
standard	1	128	2	16	zmq	NA	0	1	0	27.109863	128	8	48.397217	0.046631	4.797119	0.000000	1	4721.528791	NA	Ada	12	1774747628
standard	2	128	2	16	zmq	NA	0	1	0	29.214844	128	8	48.014648	0.037354	5.306396	0.000000	1	4381.334403	NA	Ada	12	1774747629
standard	3	128	2	16	zmq	NA	0	1	0	187.695801	128	8	50.292480	0.052490	322.757080	0.000000	1	681.954521	NA	Ada	12	1774747630
standard	1	128	2	32	inproc	0	NA	NA	0	41.652100	128	4	69.124512	0.000000	0.000000	0.001953	0	3073.074376	NA	Ada	12	1774747630
standard	2	128	2	32	inproc	0	NA	NA	0	36.185059	128	4	69.537842	0.000000	0.000000	0.000977	0	3537.371638	NA	Ada	12	1774747631
standard	3	128	2	32	inproc	0	NA	NA	0	38.902832	128	4	71.518311	0.000000	0.000000	0.000000	0	3290.248892	NA	Ada	12	1774747631
standard	1	128	2	32	zmq	NA	0	0	0	24.457031	128	4	44.084229	0.030762	3.447998	0.000000	1	5233.668743	NA	Ada	12	1774747633
standard	2	128	2	32	zmq	NA	0	0	0	21.697998	128	4	39.822021	0.028809	2.662842	0.000000	1	5899.161744	NA	Ada	12	1774747634
standard	3	128	2	32	zmq	NA	0	0	0	28.738037	128	4	52.935791	0.080078	3.576904	0.000000	1	4454.027236	NA	Ada	12	1774747635
standard	1	128	2	32	zmq	NA	0	1	0	188.312012	128	4	54.857910	0.036133	283.891846	0.000000	1	679.722971	NA	Ada	12	1774747637
standard	2	128	2	32	zmq	NA	0	1	0	27.343994	128	4	50.017822	0.043213	3.218994	0.000000	1	4681.101062	NA	Ada	12	1774747638
standard	3	128	2	32	zmq	NA	0	1	0	46.158936	128	4	87.968994	0.062744	2.978760	0.000000	1	2773.027551	NA	Ada	12	1774747639
standard	1	128	2	64	inproc	0	NA	NA	0	40.849854	128	2	79.694824	0.000000	0.000000	0.000000	0	3133.426169	NA	Ada	12	1774747639
standard	2	128	2	64	inproc	0	NA	NA	0	41.075928	128	2	79.218994	0.000000	0.000000	0.000977	0	3116.180378	NA	Ada	12	1774747639
standard	3	128	2	64	inproc	0	NA	NA	0	48.412109	128	2	95.204102	0.000000	0.000000	0.000000	0	2643.966595	NA	Ada	12	1774747640
standard	1	128	2	64	zmq	NA	0	0	0	22.001953	128	2	40.467285	0.050049	1.794922	0.000000	1	5817.665335	NA	Ada	12	1774747642
standard	2	128	2	64	zmq	NA	0	0	0	23.886963	128	2	43.062744	0.034180	1.981934	0.000000	1	5358.571560	NA	Ada	12	1774747643
standard	3	128	2	64	zmq	NA	0	0	0	22.375000	128	2	40.000977	0.028076	2.198730	0.000000	1	5720.670391	0.456779	Ada	12	1774747644
standard	1	128	2	64	zmq	NA	0	1	0	27.582031	128	2	52.725830	0.119141	1.831787	0.000000	1	4640.702450	0.376791	Ada	12	1774747646
standard	2	128	2	64	zmq	NA	0	1	0	54.461914	128	2	98.365967	0.074951	3.295898	0.000000	1	2350.266277	0.431537	Ada	12	1774747647
standard	3	128	2	64	zmq	NA	0	1	0	64.182129	128	2	111.997070	0.088135	2.653809	0.000000	1	1994.324622	0.543091	Ada	12	1774747648
standard	1	128	2	128	inproc	0	NA	NA	0	102.092041	128	1	101.741943	0.000000	0.000000	0.000977	0	1253.770605	NA	Ada	12	1774747648
standard	2	128	2	128	inproc	0	NA	NA	0	95.219971	128	1	94.848145	0.000000	0.000000	0.000977	0	1344.255822	NA	Ada	12	1774747649
standard	3	128	2	128	inproc	0	NA	NA	0	89.680908	128	1	89.357910	0.000000	0.000000	0.000977	0	1427.282602	NA	Ada	12	1774747649
standard	1	128	2	128	zmq	NA	0	0	0	68.075928	128	1	66.015869	0.033203	1.170898	0.000000	1	1880.253480	0.520302	Ada	12	1774747651
standard	2	128	2	128	zmq	NA	0	0	0	52.239990	128	1	48.809814	0.027100	3.276123	0.000000	1	2450.230167	0.340001	Ada	12	1774747652
standard	3	128	2	128	zmq	NA	0	0	0	69.760986	128	1	68.754883	0.045166	0.812012	0.000000	1	1834.836443	0.370932	Ada	12	1774747653
standard	1	128	2	128	zmq	NA	0	1	0	60.156006	128	1	59.257080	0.038086	0.678955	0.000000	1	2127.800843	1.667258	Ada	12	1774747655
standard	2	128	2	128	zmq	NA	0	1	0	79.310059	128	1	78.002930	0.039062	0.958008	0.000000	1	1613.918868	0.375962	Ada	12	1774747657
standard	3	128	2	128	zmq	NA	0	1	0	56.197998	128	1	55.154053	0.029785	0.864014	0.000000	1	2277.661206	NA	Ada	12	1774747658
standard	1	128	4	8	inproc	0	NA	NA	0	24.818115	128	16	93.020996	0.000000	0.000000	0.002930	0	5157.522994	NA	Ada	12	1774747658
standard	2	128	4	8	inproc	0	NA	NA	0	26.318848	128	16	96.174805	0.000000	0.000000	0.002930	0	4863.434816	NA	Ada	12	1774747658
standard	3	128	4	8	inproc	0	NA	NA	0	30.989014	128	16	111.575928	0.000000	0.000000	0.003906	0	4130.496096	NA	Ada	12	1774747658
standard	1	128	4	8	zmq	NA	0	0	0	187.269043	128	16	60.302002	0.070557	617.146973	0.000000	1	683.508593	NA	Ada	12	1774747660
standard	2	128	4	8	zmq	NA	0	0	0	165.065186	128	16	59.445801	0.069824	531.522461	0.000000	1	775.451223	NA	Ada	12	1774747662
standard	3	128	4	8	zmq	NA	0	0	0	198.192871	128	16	67.036865	0.070068	607.149170	0.000000	1	645.835540	NA	Ada	12	1774747663
standard	1	128	4	8	zmq	NA	0	1	0	197.821045	128	16	57.822754	0.072266	672.752930	0.000000	1	647.049459	NA	Ada	12	1774747665
standard	2	128	4	8	zmq	NA	0	1	0	18.333008	128	16	56.145996	0.047363	9.131592	0.000000	1	6981.942151	NA	Ada	12	1774747666
standard	3	128	4	8	zmq	NA	0	1	0	22.372803	128	16	70.988037	0.066650	10.189209	0.000000	1	5721.232226	NA	Ada	12	1774747667
standard	1	128	4	16	inproc	0	NA	NA	0	26.970947	128	8	90.921875	0.000000	0.000000	0.000977	0	4745.847402	NA	Ada	12	1774747667
standard	2	128	4	16	inproc	0	NA	NA	0	25.897949	128	8	91.302002	0.000000	0.000000	0.000977	0	4942.476291	NA	Ada	12	1774747667
standard	3	128	4	16	inproc	0	NA	NA	0	26.193848	128	8	92.814453	0.000000	0.000000	0.001953	0	4886.643676	NA	Ada	12	1774747667
standard	1	128	4	16	zmq	NA	0	0	0	16.813965	128	8	49.906738	0.038086	4.822021	0.000000	1	7612.719617	NA	Ada	12	1774747670
standard	2	128	4	16	zmq	NA	0	0	0	31.238037	128	8	71.517090	0.054688	6.180176	0.000000	1	4097.568600	NA	Ada	12	1774747671
standard	3	128	4	16	zmq	NA	0	0	0	18.482910	128	8	53.043457	0.046631	4.829102	0.000000	1	6925.316355	NA	Ada	12	1774747672
standard	1	128	4	16	zmq	NA	0	1	0	22.225098	128	8	67.219727	0.066162	7.469971	0.000000	1	5759.254784	NA	Ada	12	1774747674
standard	2	128	4	16	zmq	NA	0	1	0	32.236816	128	8	104.974854	0.081299	6.037598	0.000000	1	3970.615410	NA	Ada	12	1774747675
standard	3	128	4	16	zmq	NA	0	1	0	23.889893	128	8	66.979004	0.052002	6.429932	0.000000	1	5357.914423	NA	Ada	12	1774747676
standard	1	128	4	32	inproc	0	NA	NA	0	38.208984	128	4	112.374023	0.000000	0.000000	0.002197	0	3349.997444	NA	Ada	12	1774747676
standard	2	128	4	32	inproc	0	NA	NA	0	34.200195	128	4	122.621826	0.000000	0.000000	0.000977	0	3742.668685	NA	Ada	12	1774747676
standard	3	128	4	32	inproc	0	NA	NA	0	102.364014	128	4	283.673340	0.000000	0.000000	0.003906	0	1250.439441	NA	Ada	12	1774747676
standard	1	128	4	32	zmq	NA	0	0	0	40.875000	128	4	146.143066	0.114746	4.570068	0.000000	1	3131.498471	NA	Ada	12	1774747679
standard	2	128	4	32	zmq	NA	0	0	0	313.297119	128	4	167.429688	0.161377	769.811523	0.000000	1	408.557858	NA	Ada	12	1774747680
standard	3	128	4	32	zmq	NA	0	0	0	28.616211	128	4	97.741943	0.131104	4.760010	0.000000	1	4472.989114	NA	Ada	12	1774747681
standard	1	128	4	32	zmq	NA	0	1	0	165.503906	128	4	99.093750	0.145020	457.080078	0.000000	1	773.395643	NA	Ada	12	1774747684
standard	2	128	4	32	zmq	NA	0	1	0	199.369873	128	4	97.971680	0.122803	555.361328	0.000000	1	642.022779	NA	Ada	12	1774747685
standard	3	128	4	32	zmq	NA	0	1	0	187.845947	128	4	159.287842	0.169922	468.028076	0.000000	1	681.409431	NA	Ada	12	1774747686
standard	1	128	4	64	inproc	0	NA	NA	0	80.862061	128	2	150.005859	0.000000	0.000000	0.000977	0	1582.942596	NA	Ada	12	1774747686
standard	2	128	4	64	inproc	0	NA	NA	0	113.619873	128	2	202.600098	0.000000	0.000000	0.001953	0	1126.563484	NA	Ada	12	1774747687
standard	3	128	4	64	inproc	0	NA	NA	0	90.685059	128	2	130.993896	0.000000	0.000000	0.000977	0	1411.478384	NA	Ada	12	1774747687
standard	1	128	4	64	zmq	NA	0	0	0	35.328125	128	2	66.925781	0.041260	2.064697	0.000000	1	3623.175586	NA	Ada	12	1774747689
standard	2	128	4	64	zmq	NA	0	0	0	48.065918	128	2	88.447754	0.080078	2.060059	0.000000	1	2663.009580	NA	Ada	12	1774747690
standard	3	128	4	64	zmq	NA	0	0	0	198.805176	128	2	192.562744	0.104248	115.000732	0.000000	1	643.846416	NA	Ada	12	1774747691
standard	1	128	4	64	zmq	NA	0	1	0	166.586914	128	2	91.371094	0.053955	216.412109	0.000000	1	768.367676	NA	Ada	12	1774747694
standard	2	128	4	64	zmq	NA	0	1	0	339.149902	128	2	114.662109	0.125000	538.875977	0.000000	1	377.414232	NA	Ada	12	1774747695
standard	3	128	4	64	zmq	NA	0	1	0	54.642090	128	2	95.688965	0.066895	2.473145	0.000000	1	2342.516554	NA	Ada	12	1774747697
standard	1	128	4	128	inproc	0	NA	NA	0	82.009033	128	1	81.403076	0.000000	0.000000	0.000977	0	1560.803670	NA	Ada	12	1774747697
standard	2	128	4	128	inproc	0	NA	NA	0	149.963867	128	1	149.529053	0.000000	0.000000	0.000000	0	853.538938	NA	Ada	12	1774747697
standard	3	128	4	128	inproc	0	NA	NA	0	85.219971	128	1	84.727051	0.000000	0.000000	0.000000	0	1501.995353	NA	Ada	12	1774747697
standard	1	128	4	128	zmq	NA	0	0	0	63.088867	128	1	61.300049	0.093018	1.168945	0.000000	1	2028.884108	NA	Ada	12	1774747699
standard	2	128	4	128	zmq	NA	0	0	0	85.914062	128	1	80.850098	0.069092	2.283936	0.000000	1	1489.860871	NA	Ada	12	1774747701
standard	3	128	4	128	zmq	NA	0	0	0	84.904053	128	1	81.869141	0.076904	2.249023	0.000000	1	1507.584101	NA	Ada	12	1774747702
standard	1	128	4	128	zmq	NA	0	1	0	53.716064	128	1	51.802979	0.038086	1.250977	0.000000	1	2382.899814	NA	Ada	12	1774747704
standard	2	128	4	128	zmq	NA	0	1	0	46.900879	128	1	45.385010	0.027100	1.109863	0.000000	1	2729.159943	NA	Ada	12	1774747705
standard	3	128	4	128	zmq	NA	0	1	0	46.425049	128	1	44.781982	0.031982	1.026855	0.000000	1	2757.132264	NA	Ada	12	1774747706
standard	1	128	8	8	inproc	0	NA	NA	0	13.351074	128	16	80.040283	0.000000	0.000000	0.002197	0	9587.243536	NA	Ada	12	1774747706
standard	2	128	8	8	inproc	0	NA	NA	0	11.792236	128	16	79.625000	0.000000	0.000000	0.000977	0	10854.599284	NA	Ada	12	1774747706
standard	3	128	8	8	inproc	0	NA	NA	0	12.792969	128	16	87.648926	0.000000	0.000000	0.001953	0	10005.496183	NA	Ada	12	1774747706
standard	1	128	8	8	zmq	NA	0	0	0	40.202881	128	16	182.222900	0.159668	20.952148	0.000000	1	3183.851437	NA	Ada	12	1774747708
standard	2	128	8	8	zmq	NA	0	0	0	197.085938	128	16	84.629883	0.095947	1080.763916	0.000000	1	649.462877	NA	Ada	12	1774747710
standard	3	128	8	8	zmq	NA	0	0	0	16.977051	128	16	82.797852	0.066406	8.462891	0.000000	1	7539.589865	NA	Ada	12	1774747711
standard	1	128	8	8	zmq	NA	0	1	0	14.610840	128	16	81.332520	0.075928	11.924072	0.000000	1	8760.618922	NA	Ada	12	1774747713
standard	2	128	8	8	zmq	NA	0	1	0	186.114990	128	16	73.940674	0.061768	1013.860596	0.000000	1	687.746859	NA	Ada	12	1774747714
standard	3	128	8	8	zmq	NA	0	1	0	13.495850	128	16	77.835205	0.133789	8.291260	0.000000	1	9484.397330	NA	Ada	12	1774747715
standard	1	128	8	16	inproc	0	NA	NA	0	11.673096	128	8	83.636963	0.000000	0.000000	0.001953	0	10965.385983	NA	Ada	12	1774747715
standard	2	128	8	16	inproc	0	NA	NA	0	13.399170	128	8	91.817383	0.000000	0.000000	0.000977	0	9552.830567	NA	Ada	12	1774747715
standard	3	128	8	16	inproc	0	NA	NA	0	14.777100	128	8	94.193848	0.000000	0.000000	0.002930	0	8662.051646	NA	Ada	12	1774747715
standard	1	128	8	16	zmq	NA	0	0	0	22.279053	128	8	74.479736	0.047119	13.580811	0.000000	1	5745.307106	NA	Ada	12	1774747718
standard	2	128	8	16	zmq	NA	0	0	0	305.330078	128	8	81.443359	0.048584	1424.644287	0.000000	1	419.218443	NA	Ada	12	1774747719
standard	3	128	8	16	zmq	NA	0	0	0	12.249023	128	8	76.197021	0.046875	4.222168	0.000000	1	10449.812645	NA	Ada	12	1774747720
standard	1	128	8	16	zmq	NA	0	1	0	12.711182	128	8	77.634766	0.048584	5.143555	0.000000	1	10069.874196	NA	Ada	12	1774747722
standard	2	128	8	16	zmq	NA	0	1	0	197.943848	128	8	108.516357	0.058594	1035.478027	0.000000	1	646.648034	NA	Ada	12	1774747724
standard	3	128	8	16	zmq	NA	0	1	0	17.864990	128	8	101.869385	0.063232	6.630859	0.000000	1	7164.851384	NA	Ada	12	1774747725
standard	1	128	8	32	inproc	0	NA	NA	0	32.625000	128	4	115.291260	0.000000	0.000000	0.002930	0	3923.371648	NA	Ada	12	1774747725
standard	2	128	8	32	inproc	0	NA	NA	0	26.673096	128	4	98.580322	0.000000	0.000000	0.000977	0	4798.843052	NA	Ada	12	1774747725
standard	3	128	8	32	inproc	0	NA	NA	0	31.720947	128	4	111.578857	0.000000	0.000000	0.001953	0	4035.188449	NA	Ada	12	1774747725
standard	1	128	8	32	zmq	NA	0	0	0	27.489990	128	4	91.071045	0.067871	3.536133	0.000000	1	4656.240286	NA	Ada	12	1774747727
standard	2	128	8	32	zmq	NA	0	0	0	22.093018	128	4	71.003906	0.072021	3.381836	0.000000	1	5793.685699	NA	Ada	12	1774747728
standard	3	128	8	32	zmq	NA	0	0	0	20.427979	128	4	69.312256	0.033691	2.696045	0.000000	1	6265.916126	NA	Ada	12	1774747729
standard	1	128	8	32	zmq	NA	0	1	0	24.122070	128	4	66.874023	0.046143	2.732666	0.000000	1	5306.343873	NA	Ada	12	1774747732
standard	2	128	8	32	zmq	NA	0	1	0	22.856934	128	4	75.817871	0.038086	3.130127	0.000000	1	5600.051270	NA	Ada	12	1774747733
standard	3	128	8	32	zmq	NA	0	1	0	22.030029	128	4	68.364990	0.044189	2.762695	0.000000	1	5810.251011	NA	Ada	12	1774747734
standard	1	128	8	64	inproc	0	NA	NA	0	31.296875	128	2	59.651123	0.000000	0.000000	0.000000	0	4089.865202	NA	Ada	12	1774747734
standard	2	128	8	64	inproc	0	NA	NA	0	36.897217	128	2	71.758301	0.000000	0.000000	0.000000	0	3469.096347	NA	Ada	12	1774747734
standard	3	128	8	64	inproc	0	NA	NA	0	40.306885	128	2	75.246094	0.000000	0.000000	0.000000	0	3175.636141	NA	Ada	12	1774747734
standard	1	128	8	64	zmq	NA	0	0	0	30.145996	128	2	53.595947	0.073975	2.164795	0.000000	1	4246.003337	NA	Ada	12	1774747736
standard	2	128	8	64	zmq	NA	0	0	0	116.463867	128	2	112.343994	0.102051	101.723877	0.000000	1	1099.053321	NA	Ada	12	1774747737
standard	3	128	8	64	zmq	NA	0	0	0	196.126953	128	2	95.489014	0.175049	220.039062	0.000000	1	652.638497	NA	Ada	12	1774747739
standard	1	128	8	64	zmq	NA	0	1	0	25.563965	128	2	45.063232	0.028809	1.907959	0.000000	1	5007.048037	NA	Ada	12	1774747741
standard	2	128	8	64	zmq	NA	0	1	0	239.730957	128	2	58.379150	0.043945	363.106201	0.000000	1	533.931878	NA	Ada	12	1774747742
standard	3	128	8	64	zmq	NA	0	1	0	29.524902	128	2	54.564941	0.041992	1.851074	0.000000	1	4335.323400	NA	Ada	12	1774747743
standard	1	128	8	128	inproc	0	NA	NA	0	54.936035	128	1	49.499023	0.000000	0.000000	0.000000	0	2329.982490	NA	Ada	12	1774747743
standard	2	128	8	128	inproc	0	NA	NA	0	56.020020	128	1	55.128174	0.000000	0.000000	0.000000	0	2284.897454	NA	Ada	12	1774747743
standard	3	128	8	128	inproc	0	NA	NA	0	59.432861	128	1	58.753906	0.000000	0.000000	0.000000	0	2153.690688	NA	Ada	12	1774747743
standard	1	128	8	128	zmq	NA	0	0	0	68.349121	128	1	64.086914	0.051025	0.963867	0.000000	1	1872.738054	NA	Ada	12	1774747746
standard	2	128	8	128	zmq	NA	0	0	0	228.538818	128	1	66.874023	0.051025	157.956055	0.000000	1	560.079906	NA	Ada	12	1774747747
standard	3	128	8	128	zmq	NA	0	0	0	124.490967	128	1	52.333984	0.026855	70.837158	0.000000	1	1028.187051	NA	Ada	12	1774747748
standard	1	128	8	128	zmq	NA	0	1	0	112.799072	128	1	50.053955	0.036133	60.185791	0.000000	1	1134.761106	NA	Ada	12	1774747750
standard	2	128	8	128	zmq	NA	0	1	0	141.949951	128	1	62.240967	0.041016	78.851074	0.000000	1	901.726270	NA	Ada	12	1774747752
standard	3	128	8	128	zmq	NA	0	1	0	47.664062	128	1	43.680908	0.038086	0.911865	0.000000	1	2685.461400	NA	Ada	12	1774747753
standard	1	128	12	8	inproc	0	NA	NA	0	22.295898	128	16	135.080811	0.000000	0.000000	0.002930	0	5740.966230	NA	Ada	12	1774747753
standard	2	128	12	8	inproc	0	NA	NA	0	25.040039	128	16	136.873291	0.000000	0.000000	0.002930	0	5111.813112	NA	Ada	12	1774747753
standard	3	128	12	8	inproc	0	NA	NA	0	26.002930	128	16	149.668213	0.000000	0.000000	0.001953	0	4922.522252	NA	Ada	12	1774747753
standard	1	128	12	8	zmq	NA	0	0	0	18.403076	128	16	98.750488	0.051758	17.112793	0.000000	1	6955.358920	NA	Ada	12	1774747755
standard	2	128	12	8	zmq	NA	0	0	0	25.947998	128	16	120.413818	0.070312	11.876953	0.000000	1	4932.943180	NA	Ada	12	1774747756
standard	3	128	12	8	zmq	NA	0	0	0	22.768066	128	16	98.063965	0.050049	17.966064	0.000000	1	5621.909112	NA	Ada	12	1774747757
standard	1	128	12	8	zmq	NA	0	1	0	18.797119	128	16	88.350342	0.092529	22.781006	0.000000	1	6809.554115	NA	Ada	12	1774747759
standard	2	128	12	8	zmq	NA	0	1	0	200.059082	128	16	99.097168	0.080322	1592.520264	0.000000	1	639.810993	NA	Ada	12	1774747761
standard	3	128	12	8	zmq	NA	0	1	0	58.203857	128	16	203.506836	0.069092	77.501953	0.000000	1	2199.166957	NA	Ada	12	1774747762
standard	1	128	12	16	inproc	0	NA	NA	0	16.029053	128	8	101.671875	0.000000	0.000000	0.001953	0	7985.499962	NA	Ada	12	1774747762
standard	2	128	12	16	inproc	0	NA	NA	0	26.703125	128	8	113.145020	0.000000	0.000000	0.002197	0	4793.446460	NA	Ada	12	1774747762
standard	3	128	12	16	inproc	0	NA	NA	0	32.779053	128	8	113.472168	0.000000	0.000000	0.000000	0	3904.932856	NA	Ada	12	1774747762
standard	1	128	12	16	zmq	NA	0	0	0	18.493896	128	8	82.895752	0.046143	6.603760	0.000000	1	6921.202360	NA	Ada	12	1774747764
standard	2	128	12	16	zmq	NA	0	0	0	194.970215	128	8	99.422852	0.052246	1018.753662	0.000000	1	656.510535	NA	Ada	12	1774747765
standard	3	128	12	16	zmq	NA	0	0	0	39.322998	128	8	91.026855	0.057861	5.154297	0.000000	1	3255.092601	NA	Ada	12	1774747767
standard	1	128	12	16	zmq	NA	0	1	0	28.463867	128	8	128.131836	0.078857	13.541016	0.000000	1	4496.929358	NA	Ada	12	1774747769
standard	2	128	12	16	zmq	NA	0	1	0	362.818848	128	8	286.600586	0.102295	2052.195312	0.000000	1	352.793139	NA	Ada	12	1774747771
standard	3	128	12	16	zmq	NA	0	1	0	24.018066	128	8	85.205811	0.110107	4.488770	0.000000	1	5329.321596	NA	Ada	12	1774747772
standard	1	128	12	32	inproc	0	NA	NA	0	29.848145	128	4	82.013428	0.000000	0.000000	0.000977	0	4288.373767	NA	Ada	12	1774747772
standard	2	128	12	32	inproc	0	NA	NA	0	29.911133	128	4	90.625000	0.000000	0.000000	0.000977	0	4279.343106	NA	Ada	12	1774747772
standard	3	128	12	32	inproc	0	NA	NA	0	40.314941	128	4	87.546143	0.000000	0.000000	0.000977	0	3175.001514	NA	Ada	12	1774747772
standard	1	128	12	32	zmq	NA	0	0	0	54.375000	128	4	134.780518	0.142334	4.002686	0.000000	1	2354.022989	NA	Ada	12	1774747774
standard	2	128	12	32	zmq	NA	0	0	0	48.158936	128	4	101.496826	0.127930	4.750244	0.000000	1	2657.866054	NA	Ada	12	1774747775
standard	3	128	12	32	zmq	NA	0	0	0	28.802002	128	4	71.497070	0.042969	3.092285	0.000000	1	4444.135523	NA	Ada	12	1774747776
standard	1	128	12	32	zmq	NA	0	1	0	25.104980	128	4	62.665039	0.045166	2.516846	0.000000	1	5098.589906	NA	Ada	12	1774747779
standard	2	128	12	32	zmq	NA	0	1	0	172.720215	128	4	60.574219	0.059082	413.916016	0.000000	1	741.082913	NA	Ada	12	1774747780
standard	3	128	12	32	zmq	NA	0	1	0	21.274170	128	4	59.237061	0.100830	3.609863	0.000000	1	6016.685984	NA	Ada	12	1774747781
standard	1	128	12	64	inproc	0	NA	NA	0	33.541992	128	2	53.306152	0.000000	0.000000	0.000000	0	3816.112033	NA	Ada	12	1774747781
standard	2	128	12	64	inproc	0	NA	NA	0	34.217041	128	2	57.577148	0.000000	0.000000	0.000977	0	3740.826097	NA	Ada	12	1774747781
standard	3	128	12	64	inproc	0	NA	NA	0	36.338135	128	2	68.098877	0.000000	0.000000	0.000000	0	3522.470287	NA	Ada	12	1774747781
standard	1	128	12	64	zmq	NA	0	0	0	39.856934	128	2	58.776123	0.035889	1.954102	0.000000	1	3211.486395	NA	Ada	12	1774747783
standard	2	128	12	64	zmq	NA	0	0	0	31.283936	128	2	53.054932	0.027100	1.938965	0.000000	1	4091.556825	NA	Ada	12	1774747784
standard	3	128	12	64	zmq	NA	0	0	0	38.001953	128	2	57.512939	0.035156	2.199951	0.000000	1	3368.247931	NA	Ada	12	1774747786
standard	1	128	12	64	zmq	NA	0	1	0	34.214111	128	2	47.407959	0.033203	1.770752	0.000000	1	3741.146417	NA	Ada	12	1774747788
standard	2	128	12	64	zmq	NA	0	1	0	186.550049	128	2	49.349121	0.048828	154.218018	0.000000	1	686.142946	NA	Ada	12	1774747789
standard	3	128	12	64	zmq	NA	0	1	0	39.280029	128	2	61.553223	0.052002	1.373047	0.000000	1	3258.653374	NA	Ada	12	1774747790
standard	1	128	12	128	inproc	0	NA	NA	0	63.718018	128	1	55.885986	0.000000	0.000000	0.000000	0	2008.850948	NA	Ada	12	1774747790
standard	2	128	12	128	inproc	0	NA	NA	0	59.522949	128	1	57.618896	0.000000	0.000000	0.000000	0	2150.431080	NA	Ada	12	1774747790
standard	3	128	12	128	inproc	0	NA	NA	0	82.099854	128	1	68.854004	0.000000	0.000000	0.000000	0	1559.077081	NA	Ada	12	1774747791
standard	1	128	12	128	zmq	NA	0	0	0	49.187988	128	1	41.233887	0.051025	0.830078	0.000000	1	2602.261334	NA	Ada	12	1774747793
standard	2	128	12	128	zmq	NA	0	0	0	47.402100	128	1	39.997070	0.023926	1.076172	0.000000	1	2700.302330	NA	Ada	12	1774747794
standard	3	128	12	128	zmq	NA	0	0	0	45.115967	128	1	36.467041	0.021973	0.730957	0.000000	1	2837.133039	NA	Ada	12	1774747795
standard	1	128	12	128	zmq	NA	0	1	0	129.041016	128	1	110.301025	0.065918	1.256104	0.000000	1	991.932676	NA	Ada	12	1774747797
standard	2	128	12	128	zmq	NA	0	1	0	89.370117	128	1	80.966797	0.087158	1.325928	0.000000	1	1432.246080	NA	Ada	12	1774747798
standard	3	128	12	128	zmq	NA	0	1	0	74.426025	128	1	65.166016	0.044922	1.281006	0.000000	1	1719.828505	NA	Ada	12	1774747800
standard	1	256	1	8	inproc	0	NA	NA	0	111.710938	256	32	111.665039	0.000000	0.000000	0.001953	0	2291.628785	NA	Ada	12	1774747800
standard	2	256	1	8	inproc	0	NA	NA	0	106.316895	256	32	106.270020	0.000000	0.000000	0.004883	0	2407.895764	NA	Ada	12	1774747800
standard	3	256	1	8	inproc	0	NA	NA	0	100.422119	256	32	100.374512	0.000000	0.000000	0.005127	0	2549.239174	NA	Ada	12	1774747800
standard	1	256	1	8	zmq	NA	0	0	0	92.128174	256	32	70.968750	0.132324	20.926514	0.000000	1	2778.737376	NA	Ada	12	1774747802
standard	2	256	1	8	zmq	NA	0	0	0	115.651123	256	32	98.708740	0.203369	16.570557	0.000000	1	2213.553948	NA	Ada	12	1774747803
standard	3	256	1	8	zmq	NA	0	0	0	96.465820	256	32	78.456299	0.115967	17.820557	0.000000	1	2653.789696	NA	Ada	12	1774747805
standard	1	256	1	8	zmq	NA	0	1	0	89.686035	256	32	70.170654	0.135498	19.306641	0.000000	1	2854.402021	NA	Ada	12	1774747807
standard	2	256	1	8	zmq	NA	0	1	0	105.196777	256	32	87.483154	0.118408	17.521484	0.000000	1	2433.534624	NA	Ada	12	1774747808
standard	3	256	1	8	zmq	NA	0	1	0	95.231201	256	32	73.502441	0.124756	21.544678	0.000000	1	2688.194592	NA	Ada	12	1774747809
standard	1	256	1	16	inproc	0	NA	NA	0	105.062012	256	16	104.998047	0.000000	0.000000	0.003174	0	2436.656179	NA	Ada	12	1774747809
standard	2	256	1	16	inproc	0	NA	NA	0	110.848877	256	16	110.801270	0.000000	0.000000	0.001953	0	2309.450551	NA	Ada	12	1774747809
standard	3	256	1	16	inproc	0	NA	NA	0	112.677979	256	16	112.629639	0.000000	0.000000	0.003174	0	2271.961242	NA	Ada	12	1774747810
standard	1	256	1	16	zmq	NA	0	0	0	104.178955	256	16	92.102539	0.113037	11.901855	0.000000	1	2457.310114	NA	Ada	12	1774747812
standard	2	256	1	16	zmq	NA	0	0	0	84.020020	256	16	72.622803	0.089355	11.263184	0.000000	1	3046.892888	NA	Ada	12	1774747813
standard	3	256	1	16	zmq	NA	0	0	0	115.551025	256	16	104.017578	0.128662	11.174561	0.000000	1	2215.471469	NA	Ada	12	1774747814
standard	1	256	1	16	zmq	NA	0	1	0	112.495850	256	16	98.928467	0.121338	13.364258	0.000000	1	2275.639509	NA	Ada	12	1774747816
standard	2	256	1	16	zmq	NA	0	1	0	120.442139	256	16	108.035645	0.127441	12.210938	0.000000	1	2125.501945	NA	Ada	12	1774747818
standard	3	256	1	16	zmq	NA	0	1	0	106.199951	256	16	94.686523	0.121338	11.324219	0.000000	1	2410.547248	NA	Ada	12	1774747819
standard	1	256	1	32	inproc	0	NA	NA	0	106.855957	256	8	106.819092	0.000000	0.000000	0.000000	0	2395.748511	NA	Ada	12	1774747819
standard	2	256	1	32	inproc	0	NA	NA	0	203.193115	256	8	203.149170	0.000000	0.000000	0.004883	0	1259.885207	NA	Ada	12	1774747819
standard	3	256	1	32	inproc	0	NA	NA	0	163.012939	256	8	162.973145	0.000000	0.000000	0.001953	0	1570.427482	NA	Ada	12	1774747819
standard	1	256	1	32	zmq	NA	0	0	0	404.290039	256	8	154.008301	0.108643	250.117188	0.000000	1	633.208774	NA	Ada	12	1774747822
standard	2	256	1	32	zmq	NA	0	0	0	436.396973	256	8	330.696777	0.404053	105.214844	0.000000	1	586.621851	NA	Ada	12	1774747824
standard	3	256	1	32	zmq	NA	0	0	0	246.803955	256	8	132.623047	0.097900	114.007324	0.000000	1	1037.260525	NA	Ada	12	1774747825
standard	1	256	1	32	zmq	NA	0	1	0	254.608887	256	8	246.669922	0.186523	7.677979	0.000000	1	1005.463726	NA	Ada	12	1774747827
standard	2	256	1	32	zmq	NA	0	1	0	247.375000	256	8	238.552246	0.216064	8.538818	0.000000	1	1034.866094	NA	Ada	12	1774747829
standard	3	256	1	32	zmq	NA	0	1	0	172.227051	256	8	164.864746	0.145996	7.158936	0.000000	1	1486.409939	NA	Ada	12	1774747830
standard	1	256	1	64	inproc	0	NA	NA	0	166.050049	256	4	166.008301	0.000000	0.000000	0.001953	0	1541.703853	NA	Ada	12	1774747830
standard	2	256	1	64	inproc	0	NA	NA	0	135.307129	256	4	135.277832	0.000000	0.000000	0.000000	0	1891.991960	NA	Ada	12	1774747831
standard	3	256	1	64	inproc	0	NA	NA	0	157.372070	256	4	157.340088	0.000000	0.000000	0.000000	0	1626.718130	NA	Ada	12	1774747831
standard	1	256	1	64	zmq	NA	0	0	0	75.846191	256	4	72.328125	0.045898	3.447998	0.000000	1	3375.251878	NA	Ada	12	1774747833
standard	2	256	1	64	zmq	NA	0	0	0	96.479980	256	4	93.273926	0.070557	3.105713	0.000000	1	2653.400205	NA	Ada	12	1774747835
standard	3	256	1	64	zmq	NA	0	0	0	89.327148	256	4	85.823730	0.057861	3.414795	0.000000	1	2865.870057	NA	Ada	12	1774747836
standard	1	256	1	64	zmq	NA	0	1	0	79.875977	256	4	76.492920	0.049805	3.309814	0.000000	1	3204.968640	NA	Ada	12	1774747838
standard	2	256	1	64	zmq	NA	0	1	0	117.130859	256	4	114.167236	0.074951	2.862061	0.000000	1	2185.589702	NA	Ada	12	1774747839
standard	3	256	1	64	zmq	NA	0	1	0	118.237061	256	4	115.112793	0.062256	3.030762	0.000000	1	2165.141782	NA	Ada	12	1774747840
standard	1	256	1	128	inproc	0	NA	NA	0	114.534180	256	2	114.503906	0.000000	0.000000	0.001221	0	2235.140643	NA	Ada	12	1774747841
standard	2	256	1	128	inproc	0	NA	NA	0	126.458008	256	2	126.418701	0.000000	0.000000	0.000977	0	2024.387419	NA	Ada	12	1774747841
standard	3	256	1	128	inproc	0	NA	NA	0	114.976807	256	2	114.952148	0.000000	0.000000	0.001953	0	2226.536007	NA	Ada	12	1774747841
standard	1	256	1	128	zmq	NA	0	0	0	76.406006	256	2	74.818115	0.038086	1.519043	0.000000	1	3350.521953	NA	Ada	12	1774747843
standard	2	256	1	128	zmq	NA	0	0	0	92.666992	256	2	91.012939	0.048096	1.584717	0.000000	1	2762.580224	NA	Ada	12	1774747844
standard	3	256	1	128	zmq	NA	0	0	0	75.988037	256	2	74.223145	0.037842	1.706787	0.000000	1	3368.951347	NA	Ada	12	1774747845
standard	1	256	1	128	zmq	NA	0	1	0	79.130127	256	2	76.990967	0.050049	2.070068	0.000000	1	3235.177420	NA	Ada	12	1774747848
standard	2	256	1	128	zmq	NA	0	1	0	104.602051	256	2	102.729004	0.050781	1.794922	0.000000	1	2447.370755	NA	Ada	12	1774747849
standard	3	256	1	128	zmq	NA	0	1	0	78.039062	256	2	76.690918	0.040039	1.282959	0.000000	1	3280.408449	NA	Ada	12	1774747850
standard	1	256	2	8	inproc	0	NA	NA	0	47.366943	256	32	91.839600	0.000000	0.000000	0.000977	0	5404.613045	NA	Ada	12	1774747850
standard	2	256	2	8	inproc	0	NA	NA	0	54.910889	256	32	108.347412	0.000000	0.000000	0.002930	0	4662.099015	NA	Ada	12	1774747850
standard	3	256	2	8	inproc	0	NA	NA	0	58.857910	256	32	114.057617	0.000000	0.000000	0.006836	0	4349.457861	NA	Ada	12	1774747850
standard	1	256	2	8	zmq	NA	0	0	0	49.989990	256	32	78.825684	0.101074	18.674072	0.000000	1	5121.025205	NA	Ada	12	1774747852
standard	2	256	2	8	zmq	NA	0	0	0	62.595947	256	32	107.138672	0.123535	17.335938	0.000000	1	4089.721638	NA	Ada	12	1774747853
standard	3	256	2	8	zmq	NA	0	0	0	59.367920	256	32	93.833740	0.205078	23.358398	0.000000	1	4312.093136	NA	Ada	12	1774747855
standard	1	256	2	8	zmq	NA	0	1	0	57.801025	256	32	94.091553	0.104736	20.843506	0.000000	1	4428.987172	NA	Ada	12	1774747857
standard	2	256	2	8	zmq	NA	0	1	0	134.614014	256	32	245.242432	0.226074	22.270752	0.000000	1	1901.733653	NA	Ada	12	1774747858
standard	3	256	2	8	zmq	NA	0	1	0	79.227051	256	32	119.635986	0.137939	25.944580	0.000000	1	3231.219608	NA	Ada	12	1774747859
standard	1	256	2	16	inproc	0	NA	NA	0	57.691162	256	16	110.273926	0.000000	0.000000	0.003906	0	4437.421446	NA	Ada	12	1774747859
standard	2	256	2	16	inproc	0	NA	NA	0	64.713867	256	16	127.947510	0.000000	0.000000	0.005859	0	3955.875473	NA	Ada	12	1774747859
standard	3	256	2	16	inproc	0	NA	NA	0	61.562012	256	16	121.778564	0.000000	0.000000	0.002930	0	4158.408617	NA	Ada	12	1774747859
standard	1	256	2	16	zmq	NA	0	0	0	44.791016	256	16	77.746826	0.069092	11.041992	0.000000	1	5715.431910	NA	Ada	12	1774747862
standard	2	256	2	16	zmq	NA	0	0	0	47.255127	256	16	81.525391	0.079590	11.718750	0.000000	1	5417.401592	NA	Ada	12	1774747863
standard	3	256	2	16	zmq	NA	0	0	0	44.229980	256	16	76.766113	0.135498	11.284424	0.000000	1	5787.929302	NA	Ada	12	1774747864
standard	1	256	2	16	zmq	NA	0	1	0	44.850830	256	16	77.788818	0.082031	10.438965	0.000000	1	5707.809634	NA	Ada	12	1774747866
standard	2	256	2	16	zmq	NA	0	1	0	56.411865	256	16	100.368164	0.104248	11.204834	0.000000	1	4538.052393	NA	Ada	12	1774747867
standard	3	256	2	16	zmq	NA	0	1	0	47.246826	256	16	77.165283	0.081787	13.210938	0.000000	1	5418.353374	NA	Ada	12	1774747868
standard	1	256	2	32	inproc	0	NA	NA	0	45.471924	256	8	89.560791	0.000000	0.000000	0.000000	0	5629.847573	NA	Ada	12	1774747868
standard	2	256	2	32	inproc	0	NA	NA	0	70.616943	256	8	137.105957	0.000000	0.000000	0.000977	0	3625.192310	NA	Ada	12	1774747868
standard	3	256	2	32	inproc	0	NA	NA	0	61.753174	256	8	115.487061	0.000000	0.000000	0.000977	0	4145.535915	NA	Ada	12	1774747868
standard	1	256	2	32	zmq	NA	0	0	0	41.350830	256	8	75.860596	0.102295	6.305908	0.000000	1	6190.927716	NA	Ada	12	1774747870
standard	2	256	2	32	zmq	NA	0	0	0	57.550049	256	8	105.664062	0.070068	6.255859	0.000000	1	4448.302047	NA	Ada	12	1774747872
standard	3	256	2	32	zmq	NA	0	0	0	47.910889	256	8	88.378662	0.071045	6.997803	0.000000	1	5343.253008	NA	Ada	12	1774747873
standard	1	256	2	32	zmq	NA	0	1	0	41.051025	256	8	74.046143	0.056641	6.598389	0.000000	1	6236.141426	NA	Ada	12	1774747875
standard	2	256	2	32	zmq	NA	0	1	0	43.498047	256	8	77.186768	0.062012	6.846924	0.000000	1	5885.321719	NA	Ada	12	1774747876
standard	3	256	2	32	zmq	NA	0	1	0	43.998047	256	8	80.600098	0.063232	5.503906	0.000000	1	5818.440094	NA	Ada	12	1774747877
standard	1	256	2	64	inproc	0	NA	NA	0	44.418945	256	4	87.122070	0.000000	0.000000	0.001953	0	5763.306585	NA	Ada	12	1774747877
standard	2	256	2	64	inproc	0	NA	NA	0	49.991943	256	4	97.857178	0.000000	0.000000	0.000000	0	5120.825133	NA	Ada	12	1774747877
standard	3	256	2	64	inproc	0	NA	NA	0	66.323975	256	4	129.617920	0.000000	0.000000	0.000977	0	3859.841053	NA	Ada	12	1774747877
standard	1	256	2	64	zmq	NA	0	0	0	38.262939	256	4	72.270996	0.047119	3.218262	0.000000	1	6690.547137	NA	Ada	12	1774747879
standard	2	256	2	64	zmq	NA	0	0	0	43.797852	256	4	78.398193	0.110840	3.460693	0.000000	1	5845.035564	NA	Ada	12	1774747880
standard	3	256	2	64	zmq	NA	0	0	0	41.053955	256	4	76.772217	0.052002	3.143066	0.000000	1	6235.696403	NA	Ada	12	1774747881
standard	1	256	2	64	zmq	NA	0	1	0	41.753906	256	4	79.801025	0.052246	3.036865	0.000000	1	6131.162878	NA	Ada	12	1774747884
standard	2	256	2	64	zmq	NA	0	1	0	193.339844	256	4	105.659180	0.084961	262.570068	0.000000	1	1324.093343	NA	Ada	12	1774747885
standard	3	256	2	64	zmq	NA	0	1	0	44.865967	256	4	84.511963	0.051025	3.350342	0.000000	1	5705.883953	NA	Ada	12	1774747886
standard	1	256	2	128	inproc	0	NA	NA	0	55.331787	256	2	108.236084	0.000000	0.000000	0.000000	0	4626.635310	NA	Ada	12	1774747886
standard	2	256	2	128	inproc	0	NA	NA	0	51.054932	256	2	100.450684	0.000000	0.000000	0.000000	0	5014.207086	NA	Ada	12	1774747886
standard	3	256	2	128	inproc	0	NA	NA	0	59.076172	256	2	115.523926	0.000000	0.000000	0.000000	0	4333.388435	NA	Ada	12	1774747886
standard	1	256	2	128	zmq	NA	0	0	0	65.186035	256	2	127.143066	0.154053	1.993896	0.000000	1	3927.221519	NA	Ada	12	1774747888
standard	2	256	2	128	zmq	NA	0	0	0	43.814941	256	2	83.230957	0.048096	2.042725	0.000000	1	5842.755731	NA	Ada	12	1774747890
standard	3	256	2	128	zmq	NA	0	0	0	40.507080	256	2	76.822021	0.080078	1.885010	0.000000	1	6319.882833	NA	Ada	12	1774747891
standard	1	256	2	128	zmq	NA	0	1	0	187.795898	256	2	72.456055	0.044189	242.601807	0.000000	1	1363.182062	NA	Ada	12	1774747893
standard	2	256	2	128	zmq	NA	0	1	0	340.041992	256	2	96.537842	0.083008	430.299072	0.000000	1	752.848195	NA	Ada	12	1774747894
standard	3	256	2	128	zmq	NA	0	1	0	198.644775	256	2	82.065918	0.046143	265.620850	0.000000	1	1288.732611	NA	Ada	12	1774747896
standard	1	256	4	8	inproc	0	NA	NA	0	28.886230	256	32	108.545898	0.000000	0.000000	0.001953	0	8862.353995	NA	Ada	12	1774747896
standard	2	256	4	8	inproc	0	NA	NA	0	31.450928	256	32	117.203857	0.000000	0.000000	0.008301	0	8139.664501	NA	Ada	12	1774747896
standard	3	256	4	8	inproc	0	NA	NA	0	33.861816	256	32	126.611816	0.000000	0.000000	0.011963	0	7560.137853	NA	Ada	12	1774747896
standard	1	256	4	8	zmq	NA	0	0	0	35.169922	256	32	104.120605	0.082764	15.442871	0.000000	1	7278.947076	NA	Ada	12	1774747898
standard	2	256	4	8	zmq	NA	0	0	0	29.270996	256	32	94.954346	0.085693	16.380127	0.000000	1	8745.858842	NA	Ada	12	1774747899
standard	3	256	4	8	zmq	NA	0	0	0	30.583984	256	32	95.779785	0.105713	15.538086	0.000000	1	8370.394023	NA	Ada	12	1774747901
standard	1	256	4	8	zmq	NA	0	1	0	319.820801	256	32	107.042480	0.198486	1145.585938	0.000000	1	800.448249	NA	Ada	12	1774747903
standard	2	256	4	8	zmq	NA	0	1	0	40.488037	256	32	118.781738	0.102051	33.343750	0.000000	1	6322.855299	NA	Ada	12	1774747904
standard	3	256	4	8	zmq	NA	0	1	0	30.341064	256	32	100.660889	0.092773	15.221191	0.000000	1	8437.409979	NA	Ada	12	1774747905
standard	1	256	4	16	inproc	0	NA	NA	0	25.997803	256	16	99.064941	0.000000	0.000000	0.001953	0	9846.986017	NA	Ada	12	1774747905
standard	2	256	4	16	inproc	0	NA	NA	0	60.575928	256	16	196.145996	0.000000	0.000000	0.004150	0	4226.101185	NA	Ada	12	1774747905
standard	3	256	4	16	inproc	0	NA	NA	0	37.184814	256	16	134.185547	0.000000	0.000000	0.000977	0	6884.530789	NA	Ada	12	1774747905
standard	1	256	4	16	zmq	NA	0	0	0	32.203857	256	16	104.340820	0.072266	8.464844	0.000000	1	7949.358260	NA	Ada	12	1774747908
standard	2	256	4	16	zmq	NA	0	0	0	33.077881	256	16	113.704346	0.128418	10.607422	0.000000	1	7739.310783	NA	Ada	12	1774747909
standard	3	256	4	16	zmq	NA	0	0	0	33.083984	256	16	115.613770	0.102295	7.922119	0.000000	1	7737.882992	NA	Ada	12	1774747910
standard	1	256	4	16	zmq	NA	0	1	0	29.294922	256	16	100.532227	0.089844	8.843262	0.000000	1	8738.715914	NA	Ada	12	1774747912
standard	2	256	4	16	zmq	NA	0	1	0	29.830811	256	16	92.749023	0.088379	8.677490	0.000000	1	8581.731281	NA	Ada	12	1774747913
standard	3	256	4	16	zmq	NA	0	1	0	28.177002	256	16	95.485596	0.074707	9.206299	0.000000	1	9085.423652	NA	Ada	12	1774747914
standard	1	256	4	32	inproc	0	NA	NA	0	36.311035	256	8	127.438232	0.000000	0.000000	0.002930	0	7050.198346	NA	Ada	12	1774747914
standard	2	256	4	32	inproc	0	NA	NA	0	34.002930	256	8	129.373047	0.000000	0.000000	0.000977	0	7528.763032	NA	Ada	12	1774747914
standard	3	256	4	32	inproc	0	NA	NA	0	37.704102	256	8	139.569824	0.000000	0.000000	0.000000	0	6789.712243	NA	Ada	12	1774747914
standard	1	256	4	32	zmq	NA	0	0	0	551.950928	256	8	216.202881	0.159912	1856.559570	0.000000	1	463.809348	NA	Ada	12	1774747917
standard	2	256	4	32	zmq	NA	0	0	0	186.780029	256	8	519.232178	0.276367	17.344482	0.000000	1	1370.596209	NA	Ada	12	1774747918
standard	3	256	4	32	zmq	NA	0	0	0	56.461914	256	8	190.495361	0.193115	8.227783	0.000000	1	4534.029784	0.537120	Ada	12	1774747919
standard	1	256	4	32	zmq	NA	0	1	0	30.577148	256	8	96.864014	0.102783	4.832031	0.000000	1	8372.265338	0.398682	Ada	12	1774747921
standard	2	256	4	32	zmq	NA	0	1	0	45.590820	256	8	151.655518	0.096191	5.016602	0.000000	1	5615.165471	0.380572	Ada	12	1774747922
standard	3	256	4	32	zmq	NA	0	1	0	34.369873	256	8	109.501221	0.093018	4.786865	0.000000	1	7448.383637	0.344693	Ada	12	1774747924
standard	1	256	4	64	inproc	0	NA	NA	0	32.047119	256	4	96.528076	0.000000	0.000000	0.000000	0	7988.237535	NA	Ada	12	1774747924
standard	2	256	4	64	inproc	0	NA	NA	0	31.823975	256	4	113.402100	0.000000	0.000000	0.000000	0	8044.249756	NA	Ada	12	1774747924
standard	3	256	4	64	inproc	0	NA	NA	0	34.921875	256	4	116.503174	0.000000	0.000000	0.000000	0	7330.648770	NA	Ada	12	1774747924
standard	1	256	4	64	zmq	NA	0	0	0	33.208984	256	4	109.847900	0.078125	2.600830	0.000000	1	7708.757278	0.389059	Ada	12	1774747926
standard	2	256	4	64	zmq	NA	0	0	0	28.010986	256	4	93.197998	0.069824	2.773193	0.000000	1	9139.271177	0.585304	Ada	12	1774747927
standard	3	256	4	64	zmq	NA	0	0	0	29.483154	256	4	94.756104	0.063232	2.608887	0.000000	1	8682.924406	0.418819	Ada	12	1774747928
standard	1	256	4	64	zmq	NA	0	1	0	38.585938	256	4	124.723877	0.096924	3.144287	0.000000	1	6634.541405	NA	Ada	12	1774747930
standard	2	256	4	64	zmq	NA	0	1	0	37.226074	256	4	138.824219	0.097900	3.394775	0.000000	1	6876.900274	NA	Ada	12	1774747931
standard	3	256	4	64	zmq	NA	0	1	0	34.895996	256	4	116.637207	0.159668	4.340820	0.000000	1	7336.085186	NA	Ada	12	1774747932
standard	1	256	4	128	inproc	0	NA	NA	0	61.895020	256	2	121.563232	0.000000	0.000000	0.000000	0	4136.035531	NA	Ada	12	1774747932
standard	2	256	4	128	inproc	0	NA	NA	0	56.665039	256	2	110.013916	0.000000	0.000000	0.000000	0	4517.776820	NA	Ada	12	1774747933
standard	3	256	4	128	inproc	0	NA	NA	0	78.157959	256	2	153.143066	0.000000	0.000000	0.001953	0	3275.418183	NA	Ada	12	1774747933
standard	1	256	4	128	zmq	NA	0	0	0	166.577881	256	2	310.104980	0.346191	3.471924	0.000000	1	1536.818686	NA	Ada	12	1774747935
standard	2	256	4	128	zmq	NA	0	0	0	122.344971	256	2	232.751221	0.132812	3.281006	0.000000	1	2092.444001	NA	Ada	12	1774747936
standard	3	256	4	128	zmq	NA	0	0	0	51.768066	256	2	95.402832	0.069092	2.229980	0.000000	1	4945.133511	NA	Ada	12	1774747937
standard	1	256	4	128	zmq	NA	0	1	0	199.096924	256	2	90.343994	0.068848	250.196045	0.000000	1	1285.805903	NA	Ada	12	1774747940
standard	2	256	4	128	zmq	NA	0	1	0	301.496826	256	2	317.147217	0.118896	260.529053	0.000000	1	849.096832	NA	Ada	12	1774747941
standard	3	256	4	128	zmq	NA	0	1	0	95.581055	256	2	174.788086	0.109863	2.486084	0.000000	1	2678.355045	NA	Ada	12	1774747943
standard	1	256	8	8	inproc	0	NA	NA	0	30.678955	256	32	220.924316	0.000000	0.000000	0.004150	0	8344.482377	NA	Ada	12	1774747943
standard	2	256	8	8	inproc	0	NA	NA	0	32.710938	256	32	241.271973	0.000000	0.000000	0.011475	0	7826.128493	NA	Ada	12	1774747943
standard	3	256	8	8	inproc	0	NA	NA	0	38.088135	256	32	267.065918	0.000000	0.000000	0.038818	0	6721.253261	NA	Ada	12	1774747943
standard	1	256	8	8	zmq	NA	0	0	0	42.641113	256	32	188.818604	0.195557	33.659912	0.000000	1	6003.595598	NA	Ada	12	1774747945
standard	2	256	8	8	zmq	NA	0	0	0	22.059814	256	32	121.929932	0.389648	16.582031	0.000000	1	11604.812023	NA	Ada	12	1774747946
standard	3	256	8	8	zmq	NA	0	0	0	39.490967	256	32	244.997559	0.207031	24.563721	0.000000	1	6482.495132	NA	Ada	12	1774747947
standard	1	256	8	8	zmq	NA	0	1	0	83.644043	256	32	483.791016	0.369873	44.501953	0.000000	1	3060.588548	NA	Ada	12	1774747950
standard	2	256	8	8	zmq	NA	0	1	0	185.494873	256	32	194.572021	0.184814	1051.075195	0.000000	1	1380.092052	NA	Ada	12	1774747951
standard	3	256	8	8	zmq	NA	0	1	0	197.119873	256	32	179.979980	0.177979	1104.883057	0.000000	1	1298.702135	NA	Ada	12	1774747952
standard	1	256	8	16	inproc	0	NA	NA	0	25.783936	256	16	181.030273	0.000000	0.000000	0.003906	0	9928.662734	NA	Ada	12	1774747952
standard	2	256	8	16	inproc	0	NA	NA	0	35.510986	256	16	218.936035	0.000000	0.000000	0.002930	0	7209.036596	NA	Ada	12	1774747952
standard	3	256	8	16	inproc	0	NA	NA	0	34.671875	256	16	217.123047	0.000000	0.000000	0.005127	0	7383.506084	NA	Ada	12	1774747952
standard	1	256	8	16	zmq	NA	0	0	0	28.060059	256	16	171.672852	0.132568	13.578125	0.000000	1	9123.288148	NA	Ada	12	1774747955
standard	2	256	8	16	zmq	NA	0	0	0	331.687012	256	16	169.482178	0.114746	1840.169189	0.000000	1	771.811952	NA	Ada	12	1774747956
standard	3	256	8	16	zmq	NA	0	0	0	25.990967	256	16	159.217041	0.121338	10.070801	0.000000	1	9849.575893	NA	Ada	12	1774747957
standard	1	256	8	16	zmq	NA	0	1	0	25.388916	256	16	158.381836	0.101807	10.290039	0.000000	1	10083.140211	NA	Ada	12	1774747989
standard	2	256	8	16	zmq	NA	0	1	0	38.477051	256	16	202.151855	0.177734	16.945557	0.000000	1	6653.316582	NA	Ada	12	1774747990
standard	3	256	8	16	zmq	NA	0	1	0	50.102783	256	16	187.062988	0.108398	15.644287	0.000000	1	5109.496591	NA	Ada	12	1774747991
standard	1	256	8	32	inproc	0	NA	NA	0	43.369873	256	8	237.783447	0.000000	0.000000	0.001953	0	5902.714996	NA	Ada	12	1774747992
standard	2	256	8	32	inproc	0	NA	NA	0	102.391113	256	8	502.683105	0.000000	0.000000	0.004150	0	2500.216980	NA	Ada	12	1774747992
standard	3	256	8	32	inproc	0	NA	NA	0	62.986084	256	8	369.091309	0.000000	0.000000	0.002930	0	4064.389843	NA	Ada	12	1774747992
standard	1	256	8	32	zmq	NA	0	0	0	324.106201	256	8	192.011230	0.123535	1538.367920	0.000000	1	789.864554	NA	Ada	12	1774747994
standard	2	256	8	32	zmq	NA	0	0	0	23.960938	256	8	159.467041	0.116211	5.360107	0.000000	1	10684.056081	NA	Ada	12	1774747995
standard	3	256	8	32	zmq	NA	0	0	0	231.805908	256	8	275.558838	0.332764	681.993164	0.000000	1	1104.372196	NA	Ada	12	1774747997
standard	1	256	8	32	zmq	NA	0	1	0	309.223145	256	8	433.185303	0.261719	1241.586182	0.000000	1	827.881110	NA	Ada	12	1774747999
standard	2	256	8	32	zmq	NA	0	1	0	29.982910	256	8	182.825928	0.202148	6.174805	0.000000	1	8538.197215	NA	Ada	12	1774748000
standard	3	256	8	32	zmq	NA	0	1	0	309.765869	256	8	330.651611	0.178467	1424.698975	0.000000	1	826.430622	NA	Ada	12	1774748002
standard	1	256	8	64	inproc	0	NA	NA	0	49.351074	256	4	161.809814	0.000000	0.000000	0.000977	0	5187.323763	NA	Ada	12	1774748002
standard	2	256	8	64	inproc	0	NA	NA	0	51.169922	256	4	177.668213	0.000000	0.000000	0.000977	0	5002.939043	NA	Ada	12	1774748002
standard	3	256	8	64	inproc	0	NA	NA	0	48.664795	256	4	179.829834	0.000000	0.000000	0.000000	0	5260.476293	NA	Ada	12	1774748002
standard	1	256	8	64	zmq	NA	0	0	0	44.666016	256	4	160.812012	0.124268	3.215820	0.000000	1	5731.426822	NA	Ada	12	1774748004
standard	2	256	8	64	zmq	NA	0	0	0	60.239990	256	4	204.475098	0.163086	4.051025	0.000000	1	4249.668684	NA	Ada	12	1774748005
standard	3	256	8	64	zmq	NA	0	0	0	309.981201	256	4	159.870117	0.091797	916.778076	0.000000	1	825.856533	NA	Ada	12	1774748007
standard	1	256	8	64	zmq	NA	0	1	0	645.841064	256	4	623.429932	0.285156	1810.180908	0.000000	1	396.382352	NA	Ada	12	1774748009
standard	2	256	8	64	zmq	NA	0	1	0	48.038818	256	4	176.410889	0.119873	3.163330	0.000000	1	5329.023668	NA	Ada	12	1774748011
standard	3	256	8	64	zmq	NA	0	1	0	94.473877	256	4	173.425049	0.134033	2.636963	0.000000	1	2709.743775	0.279134	Ada	12	1774748012
standard	1	256	8	128	inproc	0	NA	NA	0	95.665039	256	2	185.988037	0.000000	0.000000	0.002930	0	2676.003716	NA	Ada	12	1774748012
standard	2	256	8	128	inproc	0	NA	NA	0	113.541992	256	2	207.227051	0.000000	0.000000	0.000977	0	2254.672435	NA	Ada	12	1774748012
standard	3	256	8	128	inproc	0	NA	NA	0	120.707031	256	2	231.917969	0.000000	0.000000	0.000977	0	2120.837513	NA	Ada	12	1774748012
standard	1	256	8	128	zmq	NA	0	0	0	81.336182	256	2	143.669922	0.089111	1.754883	0.000000	1	3147.430760	NA	Ada	12	1774748014
standard	2	256	8	128	zmq	NA	0	0	0	54.437988	256	2	105.099121	0.092041	2.373779	0.000000	1	4702.598463	NA	Ada	12	1774748016
standard	3	256	8	128	zmq	NA	0	0	0	107.658936	256	2	202.070068	0.115723	2.620117	0.000000	1	2377.879725	NA	Ada	12	1774748017
standard	1	256	8	128	zmq	NA	0	1	0	372.686035	256	2	223.695068	0.210938	443.694824	0.000000	1	686.905266	NA	Ada	12	1774748019
standard	2	256	8	128	zmq	NA	0	1	0	182.682129	256	2	163.427246	0.139893	153.522949	0.000000	1	1401.341234	NA	Ada	12	1774748021
standard	3	256	8	128	zmq	NA	0	1	0	131.442139	256	2	139.898926	0.108887	79.470947	0.000000	1	1947.625036	NA	Ada	12	1774748022
standard	1	256	12	8	inproc	0	NA	NA	0	54.871826	256	32	403.645264	0.000000	0.000000	0.010742	0	4665.417899	NA	Ada	12	1774748022
standard	2	256	12	8	inproc	0	NA	NA	0	88.630859	256	32	375.296143	0.000000	0.000000	0.012695	0	2888.384495	NA	Ada	12	1774748022
standard	3	256	12	8	inproc	0	NA	NA	0	61.541992	256	32	444.665527	0.000000	0.000000	0.012939	0	4159.761342	NA	Ada	12	1774748022
standard	1	256	12	8	zmq	NA	0	0	0	26.145020	256	32	184.146484	0.117432	32.926758	0.000000	1	9791.539826	NA	Ada	12	1774748024
standard	2	256	12	8	zmq	NA	0	0	0	37.912842	256	32	181.069580	0.134277	9.503662	0.000000	1	6752.329498	NA	Ada	12	1774748025
standard	3	256	12	8	zmq	NA	0	0	0	31.112061	256	32	201.171631	0.139160	25.822754	0.000000	1	8228.320320	NA	Ada	12	1774748026
standard	1	256	12	8	zmq	NA	0	1	0	199.891113	256	32	195.452148	0.145264	1522.110840	0.000000	1	1280.697255	NA	Ada	12	1774748029
standard	2	256	12	8	zmq	NA	0	1	0	36.552002	256	32	190.159912	0.121338	18.446289	0.000000	1	7003.720352	NA	Ada	12	1774748030
standard	3	256	12	8	zmq	NA	0	1	0	378.118896	256	32	466.043701	0.555908	3099.326416	0.000000	1	677.035722	NA	Ada	12	1774748031
standard	1	256	12	16	inproc	0	NA	NA	0	44.685059	256	16	323.280518	0.000000	0.000000	0.005859	0	5728.984320	NA	Ada	12	1774748032
standard	2	256	12	16	inproc	0	NA	NA	0	69.101074	256	16	430.532227	0.000000	0.000000	0.006104	0	3704.718094	NA	Ada	12	1774748032
standard	3	256	12	16	inproc	0	NA	NA	0	77.535889	256	16	523.540039	0.000000	0.000000	0.007324	0	3301.696858	NA	Ada	12	1774748032
standard	1	256	12	16	zmq	NA	0	0	0	44.447998	256	16	322.516113	0.153076	8.631592	0.000000	1	5759.539490	NA	Ada	12	1774748034
standard	2	256	12	16	zmq	NA	0	0	0	201.005127	256	16	369.524902	0.177002	1117.260498	0.000000	1	1273.599355	NA	Ada	12	1774748035
standard	3	256	12	16	zmq	NA	0	0	0	209.217041	256	16	224.249023	0.121826	1547.994141	0.000000	1	1223.609696	NA	Ada	12	1774748037
standard	1	256	12	16	zmq	NA	0	1	0	342.395996	256	16	396.635986	0.208496	1633.413574	0.000000	1	747.672294	NA	Ada	12	1774748039
standard	2	256	12	16	zmq	NA	0	1	0	40.307129	256	16	263.252441	0.138184	12.077148	0.000000	1	6351.233813	NA	Ada	12	1774748040
standard	3	256	12	16	zmq	NA	0	1	0	200.051025	256	16	233.385254	0.142090	1416.824951	0.000000	1	1279.673521	NA	Ada	12	1774748042
standard	1	256	12	32	inproc	0	NA	NA	0	47.556885	256	8	243.298828	0.000000	0.000000	0.003906	0	5383.027111	NA	Ada	12	1774748042
standard	2	256	12	32	inproc	0	NA	NA	0	43.007080	256	8	228.426025	0.000000	0.000000	0.001953	0	5952.508274	NA	Ada	12	1774748042
standard	3	256	12	32	inproc	0	NA	NA	0	46.795166	256	8	256.286133	0.000000	0.000000	0.002930	0	5470.650535	NA	Ada	12	1774748042
standard	1	256	12	32	zmq	NA	0	0	0	26.002930	256	8	150.532959	0.086914	8.869141	0.000000	1	9845.044504	NA	Ada	12	1774748044
standard	2	256	12	32	zmq	NA	0	0	0	34.281006	256	8	167.415039	0.147217	5.191895	0.000000	1	7467.692198	NA	Ada	12	1774748045
standard	3	256	12	32	zmq	NA	0	0	0	36.131836	256	8	172.092041	0.100830	5.493164	0.000000	1	7085.164464	NA	Ada	12	1774748046
standard	1	256	12	32	zmq	NA	0	1	0	367.766113	256	8	223.219727	0.203369	2000.433838	0.000000	1	696.094585	NA	Ada	12	1774748049
standard	2	256	12	32	zmq	NA	0	1	0	24.448975	256	8	156.427246	0.115234	4.910889	0.000000	1	10470.786775	NA	Ada	12	1774748050
standard	3	256	12	32	zmq	NA	0	1	0	261.299072	256	8	206.826416	0.134277	988.373291	0.000000	1	979.720279	NA	Ada	12	1774748051
standard	1	256	12	64	inproc	0	NA	NA	0	66.969971	256	4	190.376953	0.000000	0.000000	0.000000	0	3822.608810	NA	Ada	12	1774748051
standard	2	256	12	64	inproc	0	NA	NA	0	54.225830	256	4	166.473877	0.000000	0.000000	0.000000	0	4720.997348	NA	Ada	12	1774748051
standard	3	256	12	64	inproc	0	NA	NA	0	66.942871	256	4	219.848877	0.000000	0.000000	0.000000	0	3824.156267	NA	Ada	12	1774748051
standard	1	256	12	64	zmq	NA	0	0	0	39.099854	256	4	110.558105	0.056885	2.608154	0.000000	1	6547.339107	NA	Ada	12	1774748054
standard	2	256	12	64	zmq	NA	0	0	0	40.153076	256	4	113.273926	0.081055	3.363770	0.000000	1	6375.601184	NA	Ada	12	1774748055
standard	3	256	12	64	zmq	NA	0	0	0	40.384033	256	4	107.738037	0.081055	3.230713	0.000000	1	6339.139004	NA	Ada	12	1774748056
standard	1	256	12	64	zmq	NA	0	1	0	50.934814	256	4	154.980225	0.123779	3.344971	0.000000	1	5026.031856	NA	Ada	12	1774748058
standard	2	256	12	64	zmq	NA	0	1	0	42.359863	256	4	128.327637	0.161133	3.506104	0.000000	1	6043.456710	NA	Ada	12	1774748059
standard	3	256	12	64	zmq	NA	0	1	0	199.645020	256	4	166.524414	0.109619	422.575928	0.000000	1	1282.275915	NA	Ada	12	1774748060
standard	1	256	12	128	inproc	0	NA	NA	0	75.080811	256	2	146.024170	0.000000	0.000000	0.000977	0	3409.659514	NA	Ada	12	1774748061
standard	2	256	12	128	inproc	0	NA	NA	0	232.382080	256	2	394.395020	0.000000	0.000000	0.001953	0	1101.633998	NA	Ada	12	1774748061
standard	3	256	12	128	inproc	0	NA	NA	0	155.520996	256	2	269.976074	0.000000	0.000000	0.000977	0	1646.079992	NA	Ada	12	1774748061
standard	1	256	12	128	zmq	NA	0	0	0	132.364014	256	2	216.006836	0.177979	3.437256	0.000000	1	1934.060421	NA	Ada	12	1774748063
standard	2	256	12	128	zmq	NA	0	0	0	149.641113	256	2	240.237061	0.129150	3.501953	0.000000	1	1710.759793	NA	Ada	12	1774748065
standard	3	256	12	128	zmq	NA	0	0	0	118.718018	256	2	200.917969	0.139160	2.273926	0.000000	1	2156.370240	NA	Ada	12	1774748066
standard	1	256	12	128	zmq	NA	0	1	0	170.103760	256	2	227.526123	0.115967	39.544922	0.000000	1	1504.963796	NA	Ada	12	1774748068
standard	2	256	12	128	zmq	NA	0	1	0	88.619141	256	2	146.063965	0.081055	2.614014	0.000000	1	2888.766447	NA	Ada	12	1774748069
standard	3	256	12	128	zmq	NA	0	1	0	196.226074	256	2	122.159180	0.130859	171.023926	0.000000	1	1304.617651	NA	Ada	12	1774748071
standard	1	384	1	8	inproc	0	NA	NA	0	195.687012	384	48	195.589355	0.000000	0.000000	0.005859	0	1962.317257	NA	Ada	12	1774748071
standard	2	384	1	8	inproc	0	NA	NA	0	186.261963	384	48	186.196777	0.000000	0.000000	0.006836	0	2061.612548	NA	Ada	12	1774748071
standard	3	384	1	8	inproc	0	NA	NA	0	168.503906	384	48	168.441650	0.000000	0.000000	0.004150	0	2278.878921	NA	Ada	12	1774748072
standard	1	384	1	8	zmq	NA	0	0	0	169.578857	384	48	136.938477	0.201904	32.333496	0.000000	1	2264.433231	NA	Ada	12	1774748074
standard	2	384	1	8	zmq	NA	0	0	0	187.954102	384	48	151.616943	0.221191	35.998291	0.000000	1	2043.051983	NA	Ada	12	1774748075
standard	3	384	1	8	zmq	NA	0	0	0	147.515137	384	48	126.493896	0.216064	20.704346	0.000000	1	2603.122693	NA	Ada	12	1774748077
standard	1	384	1	8	zmq	NA	0	1	0	198.004150	384	48	171.468262	0.281494	26.116699	0.000000	1	1939.353288	NA	Ada	12	1774748079
standard	2	384	1	8	zmq	NA	0	1	0	501.268799	384	48	204.523926	0.302002	296.302002	0.000000	1	766.056058	NA	Ada	12	1774748081
standard	3	384	1	8	zmq	NA	0	1	0	316.982910	384	48	160.972900	0.246582	155.651123	0.000000	1	1211.421776	NA	Ada	12	1774748082
standard	1	384	1	16	inproc	0	NA	NA	0	141.916992	384	24	141.868652	0.000000	0.000000	0.004150	0	2705.807064	NA	Ada	12	1774748082
standard	2	384	1	16	inproc	0	NA	NA	0	135.777832	384	24	135.737305	0.000000	0.000000	0.000977	0	2828.149443	NA	Ada	12	1774748083
standard	3	384	1	16	inproc	0	NA	NA	0	140.112061	384	24	140.066406	0.000000	0.000000	0.004395	0	2740.663427	NA	Ada	12	1774748083
standard	1	384	1	16	zmq	NA	0	0	0	292.585938	384	24	157.422363	0.162109	134.927979	0.000000	1	1312.434915	NA	Ada	12	1774748085
standard	2	384	1	16	zmq	NA	0	0	0	596.371826	384	24	129.489258	0.142334	466.677490	0.000000	1	643.893596	NA	Ada	12	1774748087
standard	3	384	1	16	zmq	NA	0	0	0	144.156982	384	24	126.987549	0.143799	16.956055	0.000000	1	2663.762751	NA	Ada	12	1774748088
standard	1	384	1	16	zmq	NA	0	1	0	264.197998	384	24	131.117188	0.165771	132.858643	0.000000	1	1453.455374	NA	Ada	12	1774748091
standard	2	384	1	16	zmq	NA	0	1	0	271.135986	384	24	132.071777	0.161133	138.818848	0.000000	1	1416.263496	NA	Ada	12	1774748092
standard	3	384	1	16	zmq	NA	0	1	0	816.937988	384	24	147.799805	0.161865	668.864014	0.000000	1	470.047917	NA	Ada	12	1774748094
standard	1	384	1	32	inproc	0	NA	NA	0	189.567871	384	12	189.496094	0.000000	0.000000	0.002930	0	2025.659716	NA	Ada	12	1774748094
standard	2	384	1	32	inproc	0	NA	NA	0	172.813965	384	12	172.765137	0.000000	0.000000	0.003174	0	2222.042648	NA	Ada	12	1774748095
standard	3	384	1	32	inproc	0	NA	NA	0	181.581787	384	12	181.537354	0.000000	0.000000	0.003906	0	2114.749536	NA	Ada	12	1774748095
standard	1	384	1	32	zmq	NA	0	0	0	370.864014	384	12	244.316406	0.200439	126.271973	0.000000	1	1035.419954	NA	Ada	12	1774748097
standard	2	384	1	32	zmq	NA	0	0	0	276.850830	384	12	264.077148	0.899902	11.768555	0.000000	1	1387.028530	NA	Ada	12	1774748099
standard	3	384	1	32	zmq	NA	0	0	0	121.385986	384	12	112.743164	0.129395	8.466553	0.000000	1	3163.462370	NA	Ada	12	1774748100
standard	1	384	1	32	zmq	NA	0	1	0	160.297852	384	12	148.077148	0.153320	12.002686	0.000000	1	2395.540528	NA	Ada	12	1774748102
standard	2	384	1	32	zmq	NA	0	1	0	351.186035	384	12	337.541260	0.260010	13.276855	0.000000	1	1093.437556	NA	Ada	12	1774748104
standard	3	384	1	32	zmq	NA	0	1	0	220.578125	384	12	207.890625	0.202637	12.406250	0.000000	1	1740.879790	NA	Ada	12	1774748105
standard	1	384	1	64	inproc	0	NA	NA	0	265.603027	384	6	265.564697	0.000000	0.000000	0.001953	0	1445.766653	NA	Ada	12	1774748105
standard	2	384	1	64	inproc	0	NA	NA	0	271.290039	384	6	271.232422	0.000000	0.000000	0.001953	0	1415.459268	NA	Ada	12	1774748106
standard	3	384	1	64	inproc	0	NA	NA	0	244.752197	384	6	244.714111	0.000000	0.000000	0.000977	0	1568.933821	NA	Ada	12	1774748106
standard	1	384	1	64	zmq	NA	0	0	0	126.129150	384	6	121.836182	0.083740	4.175049	0.000000	1	3044.498427	NA	Ada	12	1774748108
standard	2	384	1	64	zmq	NA	0	0	0	109.350098	384	6	104.468994	0.073975	4.770264	0.000000	1	3511.656672	NA	Ada	12	1774748109
standard	3	384	1	64	zmq	NA	0	0	0	161.940918	384	6	158.064941	0.098877	3.743164	0.000000	1	2371.235169	NA	Ada	12	1774748111
standard	1	384	1	64	zmq	NA	0	1	0	179.189941	384	6	173.601318	0.104492	5.441162	0.000000	1	2142.977429	NA	Ada	12	1774748113
standard	2	384	1	64	zmq	NA	0	1	0	118.708984	384	6	113.058105	0.211670	5.382812	0.000000	1	3234.801494	NA	Ada	12	1774748114
standard	3	384	1	64	zmq	NA	0	1	0	116.758789	384	6	112.399658	0.082275	4.244873	0.000000	1	3288.831642	NA	Ada	12	1774748115
standard	1	384	1	128	inproc	0	NA	NA	0	259.739990	384	3	259.694092	0.000000	0.000000	0.000977	0	1478.401534	NA	Ada	12	1774748116
standard	2	384	1	128	inproc	0	NA	NA	0	255.524902	384	3	255.490723	0.000000	0.000000	0.001953	0	1502.788951	NA	Ada	12	1774748116
standard	3	384	1	128	inproc	0	NA	NA	0	191.849121	384	3	191.817139	0.000000	0.000000	0.000000	0	2001.572891	NA	Ada	12	1774748116
standard	1	384	1	128	zmq	NA	0	0	0	231.796143	384	3	228.050293	0.089111	3.616943	0.000000	1	1656.628086	NA	Ada	12	1774748119
standard	2	384	1	128	zmq	NA	0	0	0	154.490967	384	3	151.398926	0.085205	2.903809	0.000000	1	2485.582219	NA	Ada	12	1774748120
standard	3	384	1	128	zmq	NA	0	0	0	148.896973	384	3	146.999512	0.070312	1.792725	0.000000	1	2578.964455	NA	Ada	12	1774748121
standard	1	384	1	128	zmq	NA	0	1	0	170.988037	384	3	167.458740	0.080566	3.402588	0.000000	1	2245.771146	NA	Ada	12	1774748124
standard	2	384	1	128	zmq	NA	0	1	0	225.248047	384	3	222.074707	0.139893	2.988281	0.000000	1	1704.787257	NA	Ada	12	1774748125
standard	3	384	1	128	zmq	NA	0	1	0	117.495117	384	3	114.894775	0.060059	2.516846	0.000000	1	3268.220920	NA	Ada	12	1774748126
standard	1	384	2	8	inproc	0	NA	NA	0	116.511963	384	48	229.417725	0.000000	0.000000	0.116943	0	3295.798907	NA	Ada	12	1774748126
standard	2	384	2	8	inproc	0	NA	NA	0	102.768066	384	48	204.217285	0.000000	0.000000	0.006348	0	3736.569281	NA	Ada	12	1774748126
standard	3	384	2	8	inproc	0	NA	NA	0	108.568848	384	48	216.448730	0.000000	0.000000	0.003906	0	3536.926184	NA	Ada	12	1774748127
standard	1	384	2	8	zmq	NA	0	0	0	168.553955	384	48	288.946045	0.395752	39.759033	0.000000	1	2278.202252	NA	Ada	12	1774748129
standard	2	384	2	8	zmq	NA	0	0	0	71.974854	384	48	115.255371	0.146729	28.022461	0.000000	1	5335.196687	NA	Ada	12	1774748130
standard	3	384	2	8	zmq	NA	0	0	0	74.268799	384	48	116.414551	0.160156	29.100830	0.000000	1	5170.408113	NA	Ada	12	1774748131
standard	1	384	2	8	zmq	NA	0	1	0	137.976074	384	48	230.473389	0.251953	39.283691	0.000000	1	2783.091215	NA	Ada	12	1774748133
standard	2	384	2	8	zmq	NA	0	1	0	110.889893	384	48	188.338135	0.188965	28.543945	0.000000	1	3462.894508	NA	Ada	12	1774748135
standard	3	384	2	8	zmq	NA	0	1	0	73.713867	384	48	115.449463	0.147461	30.627686	0.000000	1	5209.331903	NA	Ada	12	1774748136
standard	1	384	2	16	inproc	0	NA	NA	0	97.299072	384	24	190.570312	0.000000	0.000000	0.006836	0	3946.594670	NA	Ada	12	1774748136
standard	2	384	2	16	inproc	0	NA	NA	0	141.238037	384	24	273.590088	0.000000	0.000000	0.007080	0	2718.814335	NA	Ada	12	1774748136
standard	3	384	2	16	inproc	0	NA	NA	0	171.200928	384	24	323.788818	0.000000	0.000000	0.011230	0	2242.978499	NA	Ada	12	1774748136
standard	1	384	2	16	zmq	NA	0	0	0	107.541992	384	24	190.846191	0.164062	15.530762	0.000000	1	3570.698219	3.190718	Ada	12	1774748139
standard	2	384	2	16	zmq	NA	0	0	0	91.824951	384	24	164.525391	0.155029	12.871826	0.000000	1	4181.869907	0.284939	Ada	12	1774748140
standard	3	384	2	16	zmq	NA	0	0	0	66.965088	384	24	115.145020	0.133789	16.758545	0.000000	1	5734.331307	10.464995	Ada	12	1774748141
standard	1	384	2	16	zmq	NA	0	1	0	69.997070	384	24	119.927002	0.109619	18.294434	0.000000	1	5485.943887	0.405115	Ada	12	1774748143
standard	2	384	2	16	zmq	NA	0	1	0	96.431152	384	24	168.558105	0.170166	21.975342	0.000000	1	3982.115641	0.429141	Ada	12	1774748144
standard	3	384	2	16	zmq	NA	0	1	0	128.887939	384	24	236.718262	0.247803	19.759277	0.000000	1	2979.332292	0.456872	Ada	12	1774748145
standard	1	384	2	32	inproc	0	NA	NA	0	169.959961	384	12	337.768066	0.000000	0.000000	0.004883	0	2259.355662	NA	Ada	12	1774748146
standard	2	384	2	32	inproc	0	NA	NA	0	165.026123	384	12	329.125977	0.000000	0.000000	0.002930	0	2326.904328	NA	Ada	12	1774748146
standard	3	384	2	32	inproc	0	NA	NA	0	132.040039	384	12	261.332275	0.000000	0.000000	0.005127	0	2908.208773	NA	Ada	12	1774748146
standard	1	384	2	32	zmq	NA	0	0	0	64.395020	384	12	115.915283	0.092285	9.778809	0.000000	1	5963.194092	0.470681	Ada	12	1774748148
standard	2	384	2	32	zmq	NA	0	0	0	92.432129	384	12	172.609375	0.116943	10.448730	0.000000	1	4154.399607	0.488528	Ada	12	1774748149
standard	3	384	2	32	zmq	NA	0	0	0	75.562988	384	12	142.328125	0.103027	7.665527	0.000000	1	5081.853017	0.470658	Ada	12	1774748151
standard	1	384	2	32	zmq	NA	0	1	0	71.416992	384	12	132.088867	0.085449	6.517578	0.000000	1	5376.871641	0.256654	Ada	12	1774748153
standard	2	384	2	32	zmq	NA	0	1	0	62.437012	384	12	114.525391	0.090576	9.627686	0.000000	1	6150.198247	8.202891	Ada	12	1774748154
standard	3	384	2	32	zmq	NA	0	1	0	66.739014	384	12	122.697266	0.097412	9.795410	0.000000	1	5753.755995	0.300019	Ada	12	1774748155
standard	1	384	2	64	inproc	0	NA	NA	0	96.616943	384	6	188.689941	0.000000	0.000000	0.000000	0	3974.458171	NA	Ada	12	1774748155
standard	2	384	2	64	inproc	0	NA	NA	0	82.987061	384	6	162.196533	0.000000	0.000000	0.001221	0	4627.227395	NA	Ada	12	1774748155
standard	3	384	2	64	inproc	0	NA	NA	0	89.542969	384	6	177.148926	0.000000	0.000000	0.000000	0	4288.443921	NA	Ada	12	1774748155
standard	1	384	2	64	zmq	NA	0	0	0	97.763916	384	6	190.456543	0.107422	4.667969	0.000000	1	3927.829568	0.294754	Ada	12	1774748158
standard	2	384	2	64	zmq	NA	0	0	0	126.776123	384	6	247.033936	0.135742	4.812012	0.000000	1	3028.961533	0.515834	Ada	12	1774748159
standard	3	384	2	64	zmq	NA	0	0	0	67.083008	384	6	127.674316	0.068115	4.956055	0.000000	1	5724.251379	0.274563	Ada	12	1774748160
standard	1	384	2	64	zmq	NA	0	1	0	102.521973	384	6	192.425049	0.123047	5.243652	0.000000	1	3745.538542	0.335272	Ada	12	1774748162
standard	2	384	2	64	zmq	NA	0	1	0	91.426025	384	6	176.015869	0.106934	4.552734	0.000000	1	4200.116962	0.329274	Ada	12	1774748163
standard	3	384	2	64	zmq	NA	0	1	0	102.750977	384	6	185.194336	0.096436	4.729248	0.000000	1	3737.190758	0.365992	Ada	12	1774748164
standard	1	384	2	128	inproc	0	NA	NA	0	117.501221	384	3	180.554932	0.000000	0.000000	0.000000	0	3268.051155	NA	Ada	12	1774748165
standard	2	384	2	128	inproc	0	NA	NA	0	115.716064	384	3	180.123047	0.000000	0.000000	0.001953	0	3318.467508	NA	Ada	12	1774748165
standard	3	384	2	128	inproc	0	NA	NA	0	143.326172	384	3	212.359131	0.000000	0.000000	0.000977	0	2679.203630	NA	Ada	12	1774748165
standard	1	384	2	128	zmq	NA	0	0	0	104.525879	384	3	156.065186	0.093994	1.708984	0.000000	1	3673.731367	NA	Ada	12	1774748167
standard	2	384	2	128	zmq	NA	0	0	0	92.801025	384	3	124.418213	0.078857	10.135010	0.000000	1	4137.885313	NA	Ada	12	1774748168
standard	3	384	2	128	zmq	NA	0	0	0	137.523193	384	3	219.161865	0.132324	2.317871	0.000000	1	2792.256278	NA	Ada	12	1774748170
standard	1	384	2	128	zmq	NA	0	1	0	188.291016	384	3	281.453857	0.184814	3.053223	0.000000	1	2039.396297	NA	Ada	12	1774748172
standard	2	384	2	128	zmq	NA	0	1	0	81.200928	384	3	119.376221	0.071045	2.538086	0.000000	1	4729.010009	NA	Ada	12	1774748173
standard	3	384	2	128	zmq	NA	0	1	0	125.018066	384	3	179.630127	0.087891	3.280273	0.000000	1	3071.556064	NA	Ada	12	1774748174
standard	1	384	4	8	inproc	0	NA	NA	0	74.649902	384	48	295.443848	0.000000	0.000000	0.009033	0	5144.012088	NA	Ada	12	1774748174
standard	2	384	4	8	inproc	0	NA	NA	0	67.654053	384	48	263.526123	0.000000	0.000000	0.010986	0	5675.934914	NA	Ada	12	1774748175
standard	3	384	4	8	inproc	0	NA	NA	0	70.833984	384	48	271.860840	0.000000	0.000000	0.010010	0	5421.126644	NA	Ada	12	1774748175
standard	1	384	4	8	zmq	NA	0	0	0	63.842041	384	48	214.108398	0.188232	30.243652	0.000000	1	6014.845295	NA	Ada	12	1774748177
standard	2	384	4	8	zmq	NA	0	0	0	51.654053	384	48	168.065674	0.149902	28.977295	0.000000	1	7434.073024	NA	Ada	12	1774748178
standard	3	384	4	8	zmq	NA	0	0	0	54.243896	384	48	178.371582	0.182617	28.483398	0.000000	1	7079.137468	NA	Ada	12	1774748179
standard	1	384	4	8	zmq	NA	0	1	0	198.363037	384	48	135.744873	0.134521	653.449707	0.000000	1	1935.844528	NA	Ada	12	1774748182
standard	2	384	4	8	zmq	NA	0	1	0	43.357910	384	48	141.084229	0.127441	21.804199	0.000000	1	8856.515423	NA	Ada	12	1774748183
standard	3	384	4	8	zmq	NA	0	1	0	195.988037	384	48	181.164795	0.204834	596.522949	0.000000	1	1959.303260	NA	Ada	12	1774748184
standard	1	384	4	16	inproc	0	NA	NA	0	111.750000	384	24	381.446045	0.000000	0.000000	0.007812	0	3436.241611	NA	Ada	12	1774748184
standard	2	384	4	16	inproc	0	NA	NA	0	80.713867	384	24	308.508301	0.000000	0.000000	0.003906	0	4757.546793	NA	Ada	12	1774748184
standard	3	384	4	16	inproc	0	NA	NA	0	73.779053	384	24	277.181885	0.000000	0.000000	0.006836	0	5204.729334	NA	Ada	12	1774748184
standard	1	384	4	16	zmq	NA	0	0	0	60.401123	384	24	201.569580	0.204102	16.577637	0.000000	1	6357.497686	NA	Ada	12	1774748186
standard	2	384	4	16	zmq	NA	0	0	0	113.306152	384	24	402.479004	0.307373	26.102051	0.000000	1	3389.048097	NA	Ada	12	1774748188
standard	3	384	4	16	zmq	NA	0	0	0	98.822998	384	24	357.690918	0.239746	26.656982	0.000000	1	3885.735179	NA	Ada	12	1774748189
standard	1	384	4	16	zmq	NA	0	1	0	206.038086	384	24	235.107422	0.228271	568.620605	0.000000	1	1863.733097	NA	Ada	12	1774748191
standard	2	384	4	16	zmq	NA	0	1	0	41.918945	384	24	140.695801	0.135498	15.520020	0.000000	1	9160.535818	NA	Ada	12	1774748192
standard	3	384	4	16	zmq	NA	0	1	0	339.428955	384	24	177.817383	0.153809	1162.484619	0.000000	1	1131.311853	NA	Ada	12	1774748194
standard	1	384	4	32	inproc	0	NA	NA	0	72.479980	384	12	267.273682	0.000000	0.000000	0.001953	0	5298.014673	NA	Ada	12	1774748194
standard	2	384	4	32	inproc	0	NA	NA	0	68.986084	384	12	244.617188	0.000000	0.000000	0.000977	0	5566.340018	NA	Ada	12	1774748194
standard	3	384	4	32	inproc	0	NA	NA	0	78.383057	384	12	257.683350	0.000000	0.000000	0.000977	0	4899.017931	NA	Ada	12	1774748194
standard	1	384	4	32	zmq	NA	0	0	0	63.135986	384	12	229.638428	0.145996	9.782715	0.000000	1	6082.109781	NA	Ada	12	1774748196
standard	2	384	4	32	zmq	NA	0	0	0	50.664062	384	12	177.400146	0.126953	8.133789	0.000000	1	7579.336931	NA	Ada	12	1774748197
standard	3	384	4	32	zmq	NA	0	0	0	80.770996	384	12	294.197510	0.379150	9.850830	0.000000	1	4754.181805	NA	Ada	12	1774748198
standard	1	384	4	32	zmq	NA	0	1	0	500.404053	384	12	457.364990	0.292725	1505.852783	0.000000	1	767.379876	NA	Ada	12	1774748201
standard	2	384	4	32	zmq	NA	0	1	0	67.909912	384	12	228.007080	0.156982	9.541992	0.000000	1	5654.550095	NA	Ada	12	1774748202
standard	3	384	4	32	zmq	NA	0	1	0	187.144043	384	12	201.940674	0.137207	511.980957	0.000000	1	2051.895395	NA	Ada	12	1774748203
standard	1	384	4	64	inproc	0	NA	NA	0	75.030029	384	6	233.260254	0.000000	0.000000	0.000000	0	5117.950820	NA	Ada	12	1774748204
standard	2	384	4	64	inproc	0	NA	NA	0	91.967041	384	6	282.614746	0.000000	0.000000	0.000977	0	4175.408883	NA	Ada	12	1774748204
standard	3	384	4	64	inproc	0	NA	NA	0	106.697021	384	6	312.560059	0.000000	0.000000	0.003174	0	3598.975816	NA	Ada	12	1774748204
standard	1	384	4	64	zmq	NA	0	0	0	47.289062	384	6	139.090088	0.111572	5.435303	0.000000	1	8120.270940	NA	Ada	12	1774748206
standard	2	384	4	64	zmq	NA	0	0	0	51.354004	384	6	150.722656	0.103760	4.671875	0.000000	1	7477.508486	NA	Ada	12	1774748207
standard	3	384	4	64	zmq	NA	0	0	0	60.480957	384	6	180.012939	0.105225	5.720947	0.000000	1	6349.105881	NA	Ada	12	1774748208
standard	1	384	4	64	zmq	NA	0	1	0	187.991211	384	6	179.970215	0.122070	501.552979	0.000000	1	2042.648686	NA	Ada	12	1774748211
standard	2	384	4	64	zmq	NA	0	1	0	50.426025	384	6	142.473877	0.101318	4.968750	0.000000	1	7615.115350	NA	Ada	12	1774748212
standard	3	384	4	64	zmq	NA	0	1	0	198.347168	384	6	217.387695	0.141846	498.265137	0.000000	1	1935.999409	NA	Ada	12	1774748213
standard	1	384	4	128	inproc	0	NA	NA	0	120.100098	384	3	295.865967	0.000000	0.000000	0.001953	0	3197.332954	NA	Ada	12	1774748213
standard	2	384	4	128	inproc	0	NA	NA	0	95.853027	384	3	256.431885	0.000000	0.000000	0.000977	0	4006.133250	NA	Ada	12	1774748213
standard	3	384	4	128	inproc	0	NA	NA	0	90.396973	384	3	246.303223	0.000000	0.000000	0.000977	0	4247.929867	NA	Ada	12	1774748214
standard	1	384	4	128	zmq	NA	0	0	0	63.995117	384	3	171.793945	0.123047	2.648682	0.000000	1	6000.457799	NA	Ada	12	1774748216
standard	2	384	4	128	zmq	NA	0	0	0	60.003174	384	3	146.202881	0.102295	2.757812	0.000000	1	6399.661476	NA	Ada	12	1774748217
standard	3	384	4	128	zmq	NA	0	0	0	239.809814	384	3	595.130859	0.340332	20.742676	0.000000	1	1601.268909	NA	Ada	12	1774748218
standard	1	384	4	128	zmq	NA	0	1	0	77.796143	384	3	202.583984	0.147949	1.916016	0.000000	1	4935.977380	NA	Ada	12	1774748220
standard	2	384	4	128	zmq	NA	0	1	0	72.041992	384	3	194.668213	0.152832	2.997803	0.000000	1	5330.224614	NA	Ada	12	1774748221
standard	3	384	4	128	zmq	NA	0	1	0	165.842041	384	3	203.691895	0.156982	241.607422	0.000000	1	2315.456308	NA	Ada	12	1774748223
standard	1	384	8	8	inproc	0	NA	NA	0	86.925049	384	48	531.572754	0.000000	0.000000	0.014404	0	4417.598899	NA	Ada	12	1774748223
standard	2	384	8	8	inproc	0	NA	NA	0	56.451904	384	48	422.121582	0.000000	0.000000	0.014648	0	6802.250602	NA	Ada	12	1774748223
standard	3	384	8	8	inproc	0	NA	NA	0	50.388916	384	48	376.641602	0.000000	0.000000	0.011719	0	7620.723571	NA	Ada	12	1774748223
standard	1	384	8	8	zmq	NA	0	0	0	71.878906	384	48	401.895508	0.349121	99.113770	0.000000	1	5342.318352	NA	Ada	12	1774748225
standard	2	384	8	8	zmq	NA	0	0	0	37.874023	384	48	235.144287	0.183350	29.319336	0.000000	1	10138.875280	NA	Ada	12	1774748226
standard	3	384	8	8	zmq	NA	0	0	0	45.540039	384	48	293.401123	0.240234	30.551270	0.000000	1	8432.140330	NA	Ada	12	1774748228
standard	1	384	8	8	zmq	NA	0	1	0	324.664062	384	48	194.679443	0.183594	1878.466309	0.000000	1	1182.761027	NA	Ada	12	1774748230
standard	2	384	8	8	zmq	NA	0	1	0	39.718994	384	48	265.647949	0.258057	29.400146	0.000000	1	9667.918544	NA	Ada	12	1774748231
standard	3	384	8	8	zmq	NA	0	1	0	185.063965	384	48	282.915771	0.246094	977.605469	0.000000	1	2074.958247	NA	Ada	12	1774748232
standard	1	384	8	16	inproc	0	NA	NA	0	43.118896	384	24	299.172119	0.000000	0.000000	0.010010	0	8905.608244	NA	Ada	12	1774748232
standard	2	384	8	16	inproc	0	NA	NA	0	48.295898	384	24	339.206299	0.000000	0.000000	0.005127	0	7950.985745	NA	Ada	12	1774748233
standard	3	384	8	16	inproc	0	NA	NA	0	56.260986	384	24	376.789307	0.000000	0.000000	0.009277	0	6825.333594	NA	Ada	12	1774748233
standard	1	384	8	16	zmq	NA	0	0	0	38.698975	384	24	248.238525	0.181396	15.264404	0.000000	1	9922.743532	NA	Ada	12	1774748235
standard	2	384	8	16	zmq	NA	0	0	0	37.849854	384	24	242.640869	0.160156	13.657959	0.000000	1	10145.349700	NA	Ada	12	1774748236
standard	3	384	8	16	zmq	NA	0	0	0	383.093994	384	24	315.884521	0.239746	2113.090576	0.000000	1	1002.364970	NA	Ada	12	1774748237
standard	1	384	8	16	zmq	NA	0	1	0	322.186035	384	24	267.427979	0.211426	1924.701416	0.000000	1	1191.857989	NA	Ada	12	1774748240
standard	2	384	8	16	zmq	NA	0	1	0	50.247070	384	24	326.601807	0.222412	17.943604	0.000000	1	7642.236604	NA	Ada	12	1774748241
standard	3	384	8	16	zmq	NA	0	1	0	327.689941	384	24	734.310059	0.213379	1164.009277	0.000000	1	1171.839448	NA	Ada	12	1774748242
standard	1	384	8	32	inproc	0	NA	NA	0	59.656006	384	12	344.025879	0.000000	0.000000	0.004883	0	6436.904289	NA	Ada	12	1774748242
standard	2	384	8	32	inproc	0	NA	NA	0	55.519043	384	12	330.795654	0.000000	0.000000	0.005127	0	6916.545738	NA	Ada	12	1774748243
standard	3	384	8	32	inproc	0	NA	NA	0	53.688232	384	12	312.629395	0.000000	0.000000	0.001953	0	7152.405335	NA	Ada	12	1774748243
standard	1	384	8	32	zmq	NA	0	0	0	43.616943	384	12	233.939941	0.303711	8.552246	0.000000	1	8803.918166	NA	Ada	12	1774748245
standard	2	384	8	32	zmq	NA	0	0	0	33.113770	384	12	181.114502	0.132568	7.329590	0.000000	1	11596.384387	NA	Ada	12	1774748246
standard	3	384	8	32	zmq	NA	0	0	0	44.650146	384	12	240.854004	0.264160	8.631104	0.000000	1	8600.195749	NA	Ada	12	1774748247
standard	1	384	8	32	zmq	NA	0	1	0	49.642090	384	12	283.319824	0.188477	11.424805	0.000000	1	7735.371359	NA	Ada	12	1774748249
standard	2	384	8	32	zmq	NA	0	1	0	32.241943	384	12	190.165771	0.137207	7.639893	0.000000	1	11909.952068	NA	Ada	12	1774748250
standard	3	384	8	32	zmq	NA	0	1	0	386.975098	384	12	258.805908	0.204590	2087.625000	0.000000	1	992.311914	NA	Ada	12	1774748252
standard	1	384	8	64	inproc	0	NA	NA	0	53.291016	384	6	287.916260	0.000000	0.000000	0.003174	0	7205.717427	NA	Ada	12	1774748252
standard	2	384	8	64	inproc	0	NA	NA	0	52.447998	384	6	289.852051	0.000000	0.000000	0.000977	0	7321.537796	NA	Ada	12	1774748252
standard	3	384	8	64	inproc	0	NA	NA	0	53.967041	384	6	299.375732	0.000000	0.000000	0.003174	0	7115.454040	NA	Ada	12	1774748252
standard	1	384	8	64	zmq	NA	0	0	0	43.281982	384	6	233.103027	0.222168	4.730957	0.000000	1	8872.052030	NA	Ada	12	1774748254
standard	2	384	8	64	zmq	NA	0	0	0	43.596924	384	6	183.680176	0.128906	2.921875	0.000000	1	8807.960890	NA	Ada	12	1774748255
standard	3	384	8	64	zmq	NA	0	0	0	35.500977	384	6	169.115967	0.146973	5.450195	0.000000	1	10816.603857	NA	Ada	12	1774748256
standard	1	384	8	64	zmq	NA	0	1	0	235.593018	384	6	272.937012	0.141113	655.645020	0.000000	1	1629.929460	NA	Ada	12	1774748259
standard	2	384	8	64	zmq	NA	0	1	0	43.948975	384	6	219.157227	0.138672	4.318115	0.000000	1	8737.405216	NA	Ada	12	1774748260
standard	3	384	8	64	zmq	NA	0	1	0	317.364990	384	6	322.311035	0.190186	1195.867920	0.000000	1	1209.963329	NA	Ada	12	1774748261
standard	1	384	8	128	inproc	0	NA	NA	0	88.607910	384	3	239.493896	0.000000	0.000000	0.000977	0	4333.698869	NA	Ada	12	1774748261
standard	2	384	8	128	inproc	0	NA	NA	0	131.927979	384	3	352.184082	0.000000	0.000000	0.000977	0	2910.679026	NA	Ada	12	1774748262
standard	3	384	8	128	inproc	0	NA	NA	0	101.895020	384	3	272.365234	0.000000	0.000000	0.000977	0	3768.584586	NA	Ada	12	1774748262
standard	1	384	8	128	zmq	NA	0	0	0	83.927002	384	3	227.167236	0.131836	2.605957	0.000000	1	4575.404710	NA	Ada	12	1774748264
standard	2	384	8	128	zmq	NA	0	0	0	62.662842	384	3	179.656982	0.104980	3.267822	0.000000	1	6128.033600	NA	Ada	12	1774748265
standard	3	384	8	128	zmq	NA	0	0	0	124.793945	384	3	291.031982	0.165771	2.274170	0.000000	1	3077.072361	NA	Ada	12	1774748266
standard	1	384	8	128	zmq	NA	0	1	0	635.663086	384	3	238.105225	0.135986	1604.355957	0.000000	1	604.093597	NA	Ada	12	1774748269
standard	2	384	8	128	zmq	NA	0	1	0	72.185059	384	3	181.686035	0.176758	2.885254	0.000000	1	5319.660432	NA	Ada	12	1774748270
standard	3	384	8	128	zmq	NA	0	1	0	75.247803	384	3	189.698242	0.120850	3.018311	0.000000	1	5103.139043	NA	Ada	12	1774748271
standard	1	384	12	8	inproc	0	NA	NA	0	47.568115	384	48	411.498047	0.000000	0.000000	0.010010	0	8072.634329	NA	Ada	12	1774748271
standard	2	384	12	8	inproc	0	NA	NA	0	67.119873	384	48	537.725830	0.000000	0.000000	0.010986	0	5721.107365	NA	Ada	12	1774748272
standard	3	384	12	8	inproc	0	NA	NA	0	124.308105	384	48	792.992432	0.000000	0.000000	0.009766	0	3089.098644	NA	Ada	12	1774748272
standard	1	384	12	8	zmq	NA	0	0	0	60.747070	384	48	310.736328	0.187256	22.991455	0.000000	1	6321.292501	NA	Ada	12	1774748275
standard	2	384	12	8	zmq	NA	0	0	0	33.380859	384	48	230.680420	0.191650	50.012695	0.000000	1	11503.598385	NA	Ada	12	1774748276
standard	3	384	12	8	zmq	NA	0	0	0	94.716064	384	48	595.088867	0.934326	143.042725	0.000000	1	4054.222504	NA	Ada	12	1774748277
standard	1	384	12	8	zmq	NA	0	1	0	84.679932	384	48	617.397461	0.337646	93.009277	0.000000	1	4534.722603	NA	Ada	12	1774748280
standard	2	384	12	8	zmq	NA	0	1	0	56.128174	384	48	412.759277	0.299805	42.055908	0.000000	1	6841.483943	NA	Ada	12	1774748281
standard	3	384	12	8	zmq	NA	0	1	0	40.018066	384	48	254.953613	0.158936	27.314941	0.000000	1	9595.666020	NA	Ada	12	1774748282
standard	1	384	12	16	inproc	0	NA	NA	0	45.229980	384	24	343.841309	0.000000	0.000000	0.003906	0	8489.943971	NA	Ada	12	1774748282
standard	2	384	12	16	inproc	0	NA	NA	0	48.690918	384	24	366.118896	0.000000	0.000000	0.004150	0	7886.481012	NA	Ada	12	1774748282
standard	3	384	12	16	inproc	0	NA	NA	0	60.082031	384	24	422.484863	0.000000	0.000000	0.008057	0	6391.261947	NA	Ada	12	1774748282
standard	1	384	12	16	zmq	NA	0	0	0	48.282959	384	24	281.630371	0.154785	21.451172	0.000000	1	7953.116546	NA	Ada	12	1774748284
standard	2	384	12	16	zmq	NA	0	0	0	47.979004	384	24	319.700439	0.169922	41.587891	0.000000	1	8003.500880	NA	Ada	12	1774748286
standard	3	384	12	16	zmq	NA	0	0	0	41.326904	384	24	261.579590	0.136963	23.549805	0.000000	1	9291.767833	NA	Ada	12	1774748287
standard	1	384	12	16	zmq	NA	0	1	0	35.357178	384	24	240.878418	0.140869	22.209717	0.000000	1	10860.595347	NA	Ada	12	1774748289
standard	2	384	12	16	zmq	NA	0	1	0	65.597168	384	24	394.398193	0.204590	75.523438	0.000000	1	5853.911257	NA	Ada	12	1774748290
standard	3	384	12	16	zmq	NA	0	1	0	38.028076	384	24	271.580811	0.135010	24.650146	0.000000	1	10097.802431	NA	Ada	12	1774748291
standard	1	384	12	32	inproc	0	NA	NA	0	65.883057	384	12	379.156982	0.000000	0.000000	0.002930	0	5828.509173	NA	Ada	12	1774748291
standard	2	384	12	32	inproc	0	NA	NA	0	58.831055	384	12	427.651855	0.000000	0.000000	0.000977	0	6527.164982	NA	Ada	12	1774748292
standard	3	384	12	32	inproc	0	NA	NA	0	72.059082	384	12	482.212158	0.000000	0.000000	0.003174	0	5328.960475	NA	Ada	12	1774748292
standard	1	384	12	32	zmq	NA	0	0	0	48.315186	384	12	273.918213	0.173340	12.847168	0.000000	1	7947.811763	NA	Ada	12	1774748294
standard	2	384	12	32	zmq	NA	0	0	0	34.865967	384	12	277.172363	0.214355	8.252197	0.000000	1	11013.605395	NA	Ada	12	1774748295
standard	3	384	12	32	zmq	NA	0	0	0	385.156006	384	12	332.241455	0.227295	3524.369629	0.000000	1	996.998604	NA	Ada	12	1774748297
standard	1	384	12	32	zmq	NA	0	1	0	36.780029	384	12	267.711670	0.169922	13.231934	0.000000	1	10440.448454	NA	Ada	12	1774748299
standard	2	384	12	32	zmq	NA	0	1	0	63.141846	384	12	371.738037	0.301025	24.648682	0.000000	1	6081.545380	NA	Ada	12	1774748300
standard	3	384	12	32	zmq	NA	0	1	0	69.510986	384	12	423.030273	0.296387	35.747314	0.000000	1	5524.306592	NA	Ada	12	1774748301
standard	1	384	12	64	inproc	0	NA	NA	0	73.890137	384	6	345.506348	0.000000	0.000000	0.002930	0	5196.904716	NA	Ada	12	1774748301
standard	2	384	12	64	inproc	0	NA	NA	0	78.979004	384	6	357.541748	0.000000	0.000000	0.002197	0	4862.051697	NA	Ada	12	1774748301
standard	3	384	12	64	inproc	0	NA	NA	0	81.065918	384	6	371.461182	0.000000	0.000000	0.003174	0	4736.885853	NA	Ada	12	1774748302
standard	1	384	12	64	zmq	NA	0	0	0	122.630127	384	6	472.395996	0.319336	9.601318	0.000000	1	3131.367548	NA	Ada	12	1774748305
standard	2	384	12	64	zmq	NA	0	0	0	66.802979	384	6	285.938721	0.217773	5.624268	0.000000	1	5748.246688	NA	Ada	12	1774748306
standard	3	384	12	64	zmq	NA	0	0	0	292.473877	384	6	273.681152	0.170654	901.571045	0.000000	1	1312.937771	NA	Ada	12	1774748307
standard	1	384	12	64	zmq	NA	0	1	0	44.491943	384	6	198.084961	0.114746	4.616943	0.000000	1	8630.776069	NA	Ada	12	1774748309
standard	2	384	12	64	zmq	NA	0	1	0	200.131104	384	6	295.943115	0.137695	503.595947	0.000000	1	1918.742231	NA	Ada	12	1774748311
standard	3	384	12	64	zmq	NA	0	1	0	194.796143	384	6	196.111816	0.092529	647.710693	0.000000	1	1971.291602	NA	Ada	12	1774748312
standard	1	384	12	128	inproc	0	NA	NA	0	75.554932	384	3	196.764160	0.000000	0.000000	0.000000	0	5082.394910	NA	Ada	12	1774748312
standard	2	384	12	128	inproc	0	NA	NA	0	83.989990	384	3	202.588867	0.000000	0.000000	0.001221	0	4571.973386	NA	Ada	12	1774748312
standard	3	384	12	128	inproc	0	NA	NA	0	89.806152	384	3	221.465088	0.000000	0.000000	0.000000	0	4275.876318	NA	Ada	12	1774748312
standard	1	384	12	128	zmq	NA	0	0	0	200.414795	384	3	163.795898	0.114990	347.603760	0.000000	1	1916.026210	NA	Ada	12	1774748315
standard	2	384	12	128	zmq	NA	0	0	0	71.765137	384	3	173.993896	0.113037	2.491211	0.000000	1	5350.787549	NA	Ada	12	1774748316
standard	3	384	12	128	zmq	NA	0	0	0	58.705078	384	3	139.972900	0.073242	3.062012	0.000000	1	6541.171774	0.525100	Ada	12	1774748317
standard	1	384	12	128	zmq	NA	0	1	0	66.435059	384	3	148.793213	0.087891	3.045166	0.000000	1	5780.080700	0.240350	Ada	12	1774748319
standard	2	384	12	128	zmq	NA	0	1	0	82.060059	384	3	196.597168	0.093018	2.977783	0.000000	1	4679.499461	0.329393	Ada	12	1774748320
standard	3	384	12	128	zmq	NA	0	1	0	108.306885	384	3	262.092285	0.189941	3.333008	0.000000	1	3545.480981	0.356580	Ada	12	1774748321
standard	1	512	1	8	inproc	0	NA	NA	0	240.937012	512	64	240.836182	0.000000	0.000000	0.007080	0	2125.036732	NA	Ada	12	1774748322
standard	2	512	1	8	inproc	0	NA	NA	0	217.033936	512	64	216.958496	0.000000	0.000000	0.006836	0	2359.078080	NA	Ada	12	1774748322
standard	3	512	1	8	inproc	0	NA	NA	0	202.474121	512	64	202.411865	0.000000	0.000000	0.006836	0	2528.718225	NA	Ada	12	1774748323
standard	1	512	1	8	zmq	NA	0	0	0	208.963135	512	64	165.955566	0.224365	42.671875	0.000000	1	2450.192952	NA	Ada	12	1774748325
standard	2	512	1	8	zmq	NA	0	0	0	184.585938	512	64	145.453613	0.207031	38.824219	0.000000	1	2773.775765	NA	Ada	12	1774748326
standard	3	512	1	8	zmq	NA	0	0	0	526.608154	512	64	220.339600	0.300293	305.808105	0.000000	1	972.259916	NA	Ada	12	1774748328
standard	1	512	1	8	zmq	NA	0	1	0	351.791016	512	64	190.300049	0.285400	161.066650	0.000000	1	1455.409539	NA	Ada	12	1774748330
standard	2	512	1	8	zmq	NA	0	1	0	222.139893	512	64	192.941650	0.324707	28.735840	0.000000	1	2304.853910	NA	Ada	12	1774748332
standard	3	512	1	8	zmq	NA	0	1	0	860.883057	512	64	355.639404	0.631348	504.225098	0.000000	1	594.738154	NA	Ada	12	1774748334
standard	1	512	1	16	inproc	0	NA	NA	0	286.342041	512	32	286.262695	0.000000	0.000000	0.007324	0	1788.071351	NA	Ada	12	1774748334
standard	2	512	1	16	inproc	0	NA	NA	0	265.066895	512	32	264.983154	0.000000	0.000000	0.004883	0	1931.587877	NA	Ada	12	1774748334
standard	3	512	1	16	inproc	0	NA	NA	0	225.369141	512	32	225.288574	0.000000	0.000000	0.005859	0	2271.828337	NA	Ada	12	1774748335
standard	1	512	1	16	zmq	NA	0	0	0	247.893066	512	32	223.748047	0.263184	23.761719	0.000000	1	2065.406699	NA	Ada	12	1774748337
standard	2	512	1	16	zmq	NA	0	0	0	517.771973	512	32	239.529541	0.300293	277.802734	0.000000	1	988.852288	NA	Ada	12	1774748339
standard	3	512	1	16	zmq	NA	0	0	0	182.336914	512	32	162.286621	0.181152	19.791748	0.000000	1	2807.988731	NA	Ada	12	1774748340
standard	1	512	1	16	zmq	NA	0	1	0	164.186035	512	32	141.895752	0.165039	22.054443	0.000000	1	3118.413813	NA	Ada	12	1774748343
standard	2	512	1	16	zmq	NA	0	1	0	317.808105	512	32	175.333252	0.233643	142.141602	0.000000	1	1611.035059	NA	Ada	12	1774748344
standard	3	512	1	16	zmq	NA	0	1	0	160.856201	512	32	138.408203	0.158691	22.213623	0.000000	1	3182.967124	NA	Ada	12	1774748345
standard	1	512	1	32	inproc	0	NA	NA	0	175.474121	512	16	175.422607	0.000000	0.000000	0.003906	0	2917.809172	NA	Ada	12	1774748346
standard	2	512	1	32	inproc	0	NA	NA	0	176.638916	512	16	176.600830	0.000000	0.000000	0.002930	0	2898.568512	NA	Ada	12	1774748346
standard	3	512	1	32	inproc	0	NA	NA	0	228.546143	512	16	228.498291	0.000000	0.000000	0.003906	0	2240.247830	NA	Ada	12	1774748346
standard	1	512	1	32	zmq	NA	0	0	0	152.819092	512	16	141.214844	0.249756	11.312744	0.000000	1	3350.366724	NA	Ada	12	1774748349
standard	2	512	1	32	zmq	NA	0	0	0	160.542969	512	16	148.662598	0.132812	11.691650	0.000000	1	3189.177352	NA	Ada	12	1774748350
standard	3	512	1	32	zmq	NA	0	0	0	166.820068	512	16	154.629150	0.166992	11.945068	0.000000	1	3069.175100	NA	Ada	12	1774748351
standard	1	512	1	32	zmq	NA	0	1	0	203.254150	512	16	190.561523	0.213867	12.403076	0.000000	1	2519.013752	NA	Ada	12	1774748353
standard	2	512	1	32	zmq	NA	0	1	0	482.479004	512	16	233.812744	0.202393	248.386230	0.000000	1	1061.186074	NA	Ada	12	1774748355
standard	3	512	1	32	zmq	NA	0	1	0	200.212158	512	16	189.416504	0.181152	10.548096	0.000000	1	2557.287253	NA	Ada	12	1774748356
standard	1	512	1	64	inproc	0	NA	NA	0	190.966064	512	8	190.901123	0.000000	0.000000	0.000977	0	2681.104632	NA	Ada	12	1774748357
standard	2	512	1	64	inproc	0	NA	NA	0	199.137939	512	8	199.102295	0.000000	0.000000	0.000000	0	2571.082142	NA	Ada	12	1774748357
standard	3	512	1	64	inproc	0	NA	NA	0	381.770996	512	8	381.716309	0.000000	0.000000	0.003906	0	1341.118119	NA	Ada	12	1774748357
standard	1	512	1	64	zmq	NA	0	0	0	154.298096	512	8	148.087402	0.094971	6.073975	0.000000	1	3318.252229	41.841383	Ada	12	1774748360
standard	2	512	1	64	zmq	NA	0	0	0	180.520020	512	8	174.153809	0.108643	6.213135	0.000000	1	2836.250524	3.041075	Ada	12	1774748361
standard	3	512	1	64	zmq	NA	0	0	0	146.470947	512	8	139.786621	0.139160	6.480469	0.000000	1	3495.573761	0.573222	Ada	12	1774748362
standard	1	512	1	64	zmq	NA	0	1	0	188.333984	512	8	180.635742	0.125000	7.520996	0.000000	1	2718.574673	0.478903	Ada	12	1774748365
standard	2	512	1	64	zmq	NA	0	1	0	253.035889	512	8	246.839844	0.154785	5.995361	0.000000	1	2023.428387	0.461235	Ada	12	1774748366
standard	3	512	1	64	zmq	NA	0	1	0	233.703125	512	8	226.441895	0.147217	7.065918	0.000000	1	2190.813666	0.318000	Ada	12	1774748367
standard	1	512	1	128	inproc	0	NA	NA	0	308.399902	512	4	308.315918	0.000000	0.000000	0.001953	0	1660.182108	NA	Ada	12	1774748368
standard	2	512	1	128	inproc	0	NA	NA	0	401.434082	512	4	401.380371	0.000000	0.000000	0.001953	0	1275.427331	NA	Ada	12	1774748368
standard	3	512	1	128	inproc	0	NA	NA	0	333.649170	512	4	333.595215	0.000000	0.000000	0.001953	0	1534.546003	NA	Ada	12	1774748369
standard	1	512	1	128	zmq	NA	0	0	0	152.501953	512	4	148.689697	0.072266	3.703857	0.000000	1	3357.334051	0.310059	Ada	12	1774748371
standard	2	512	1	128	zmq	NA	0	0	0	266.792969	512	4	263.093750	0.110596	3.549561	0.000000	1	1919.091056	0.289715	Ada	12	1774748372
standard	3	512	1	128	zmq	NA	0	0	0	350.047852	512	4	345.526855	0.127197	4.335938	0.000000	1	1462.657170	0.666243	Ada	12	1774748374
standard	1	512	1	128	zmq	NA	0	1	0	393.875977	512	4	388.940918	0.199951	4.645752	0.000000	1	1299.901569	0.565174	Ada	12	1774748377
standard	2	512	1	128	zmq	NA	0	1	0	227.237061	512	4	223.728027	0.102051	3.368896	0.000000	1	2253.153595	0.522722	Ada	12	1774748378
standard	3	512	1	128	zmq	NA	0	1	0	154.273926	512	4	151.364746	0.074219	2.810303	0.000000	1	3318.772096	0.404819	Ada	12	1774748379
standard	1	512	2	8	inproc	0	NA	NA	0	103.201172	512	64	205.641602	0.000000	0.000000	0.004883	0	4961.183974	NA	Ada	12	1774748379
standard	2	512	2	8	inproc	0	NA	NA	0	106.458984	512	64	211.477295	0.000000	0.000000	0.004883	0	4809.363935	NA	Ada	12	1774748379
standard	3	512	2	8	inproc	0	NA	NA	0	136.103027	512	64	270.243652	0.000000	0.000000	0.006104	0	3761.856073	NA	Ada	12	1774748379
standard	1	512	2	8	zmq	NA	0	0	0	95.954102	512	64	149.512695	0.185059	40.486816	0.000000	1	5335.884466	0.343879	Ada	12	1774748382
standard	2	512	2	8	zmq	NA	0	0	0	133.790039	512	64	220.224365	0.257812	46.093750	0.000000	1	3826.891775	0.406646	Ada	12	1774748383
standard	3	512	2	8	zmq	NA	0	0	0	115.487061	512	64	189.021240	0.241699	40.362549	0.000000	1	4433.397106	0.269044	Ada	12	1774748384
standard	1	512	2	8	zmq	NA	0	1	0	93.517090	512	64	157.808350	0.188721	28.110352	0.000000	1	5474.935125	0.261056	Ada	12	1774748386
standard	2	512	2	8	zmq	NA	0	1	0	221.919922	512	64	390.968506	0.494629	38.039551	0.000000	1	2307.138519	0.289215	Ada	12	1774748388
standard	3	512	2	8	zmq	NA	0	1	0	217.895020	512	64	374.337158	0.427979	55.616699	0.000000	1	2349.755406	0.434900	Ada	12	1774748389
standard	1	512	2	16	inproc	0	NA	NA	0	166.867920	512	32	332.758057	0.000000	0.000000	0.009033	0	3068.294974	NA	Ada	12	1774748389
standard	2	512	2	16	inproc	0	NA	NA	0	171.520020	512	32	340.048340	0.000000	0.000000	0.008057	0	2985.074287	NA	Ada	12	1774748389
standard	3	512	2	16	inproc	0	NA	NA	0	178.787842	512	32	351.311768	0.000000	0.000000	0.008057	0	2863.729406	NA	Ada	12	1774748390
standard	1	512	2	16	zmq	NA	0	0	0	104.285156	512	32	189.112305	0.315674	17.291748	0.000000	1	4909.615313	NA	Ada	12	1774748392
standard	2	512	2	16	zmq	NA	0	0	0	167.124023	512	32	305.742676	0.318115	24.717041	0.000000	1	3063.593070	NA	Ada	12	1774748393
standard	3	512	2	16	zmq	NA	0	0	0	123.516113	512	32	217.008057	0.229004	25.993896	0.000000	1	4145.208155	NA	Ada	12	1774748394
standard	1	512	2	16	zmq	NA	0	1	0	132.635010	512	32	240.246826	0.231934	19.523193	0.000000	1	3860.217607	NA	Ada	12	1774748397
standard	2	512	2	16	zmq	NA	0	1	0	1082.333008	512	32	734.780273	0.603271	1416.085449	0.000000	1	473.052190	NA	Ada	12	1774748399
standard	3	512	2	16	zmq	NA	0	1	0	160.508789	512	32	291.673828	0.290283	26.278076	0.000000	1	3189.856474	NA	Ada	12	1774748400
standard	1	512	2	32	inproc	0	NA	NA	0	126.854004	512	16	252.625000	0.000000	0.000000	0.002930	0	4036.135906	NA	Ada	12	1774748401
standard	2	512	2	32	inproc	0	NA	NA	0	139.886963	512	16	274.743164	0.000000	0.000000	0.002197	0	3660.098049	NA	Ada	12	1774748401
standard	3	512	2	32	inproc	0	NA	NA	0	249.282959	512	16	495.309814	0.000000	0.000000	0.004883	0	2053.890896	NA	Ada	12	1774748401
standard	1	512	2	32	zmq	NA	0	0	0	88.185059	512	16	159.429443	0.136719	12.808350	0.000000	1	5805.972215	NA	Ada	12	1774748403
standard	2	512	2	32	zmq	NA	0	0	0	101.793945	512	16	189.370361	0.140137	12.327148	0.000000	1	5029.768700	NA	Ada	12	1774748405
standard	3	512	2	32	zmq	NA	0	0	0	85.790771	512	16	158.000000	0.118164	12.544189	0.000000	1	5968.007877	NA	Ada	12	1774748406
standard	1	512	2	32	zmq	NA	0	1	0	82.928223	512	16	152.622803	0.108887	11.731445	0.000000	1	6174.013907	NA	Ada	12	1774748408
standard	2	512	2	32	zmq	NA	0	1	0	241.262207	512	16	181.525635	0.146484	299.312988	0.000000	1	2122.172413	NA	Ada	12	1774748409
standard	3	512	2	32	zmq	NA	0	1	0	241.155029	512	16	159.582275	0.146729	317.453125	0.000000	1	2123.115580	NA	Ada	12	1774748411
standard	1	512	2	64	inproc	0	NA	NA	0	107.519043	512	8	208.119141	0.000000	0.000000	0.000000	0	4761.947148	NA	Ada	12	1774748411
standard	2	512	2	64	inproc	0	NA	NA	0	112.970947	512	8	220.499512	0.000000	0.000000	0.001953	0	4532.138682	NA	Ada	12	1774748411
standard	3	512	2	64	inproc	0	NA	NA	0	124.820068	512	8	246.078369	0.000000	0.000000	0.000000	0	4101.904499	NA	Ada	12	1774748411
standard	1	512	2	64	zmq	NA	0	0	0	81.705078	512	8	153.039551	0.107178	7.669678	0.000000	1	6266.440370	NA	Ada	12	1774748413
standard	2	512	2	64	zmq	NA	0	0	0	92.094971	512	8	174.000000	0.120605	7.661621	0.000000	1	5559.478396	NA	Ada	12	1774748414
standard	3	512	2	64	zmq	NA	0	0	0	80.581787	512	8	149.659912	0.085938	6.760254	0.000000	1	6353.793064	NA	Ada	12	1774748416
standard	1	512	2	64	zmq	NA	0	1	0	98.805908	512	8	187.689209	0.113770	6.360107	0.000000	1	5181.876361	NA	Ada	12	1774748418
standard	2	512	2	64	zmq	NA	0	1	0	458.573975	512	8	365.413818	0.201660	518.176025	0.000000	1	1116.504704	NA	Ada	12	1774748419
standard	3	512	2	64	zmq	NA	0	1	0	129.815918	512	8	247.167236	0.132080	7.273193	0.000000	1	3944.046370	NA	Ada	12	1774748421
standard	1	512	2	128	inproc	0	NA	NA	0	133.714844	512	4	266.028320	0.000000	0.000000	0.000000	0	3829.043849	NA	Ada	12	1774748421
standard	2	512	2	128	inproc	0	NA	NA	0	130.640137	512	4	258.542969	0.000000	0.000000	0.000000	0	3919.163075	NA	Ada	12	1774748421
standard	3	512	2	128	inproc	0	NA	NA	0	125.574951	512	4	246.620117	0.000000	0.000000	0.000000	0	4077.246260	NA	Ada	12	1774748421
standard	1	512	2	128	zmq	NA	0	0	0	82.463135	512	4	157.846680	0.119141	4.003906	0.000000	1	6208.835032	NA	Ada	12	1774748423
standard	2	512	2	128	zmq	NA	0	0	0	93.419922	512	4	177.865479	0.153076	3.666016	0.000000	1	5480.629717	NA	Ada	12	1774748425
standard	3	512	2	128	zmq	NA	0	0	0	82.883057	512	4	160.876221	0.088135	3.838867	0.000000	1	6177.378354	NA	Ada	12	1774748426
standard	1	512	2	128	zmq	NA	0	1	0	343.170166	512	4	440.981445	0.171875	166.993896	0.000000	1	1491.971187	NA	Ada	12	1774748428
standard	2	512	2	128	zmq	NA	0	1	0	249.249023	512	4	268.108154	0.171631	187.478516	0.000000	1	2054.170536	NA	Ada	12	1774748430
standard	3	512	2	128	zmq	NA	0	1	0	91.793945	512	4	179.285400	0.085938	3.776123	0.000000	1	5577.709927	NA	Ada	12	1774748431
standard	1	512	4	8	inproc	0	NA	NA	0	79.289062	512	64	310.993164	0.000000	0.000000	0.010010	0	6457.384964	NA	Ada	12	1774748431
standard	2	512	4	8	inproc	0	NA	NA	0	77.477051	512	64	299.915039	0.000000	0.000000	0.006104	0	6608.408488	NA	Ada	12	1774748431
standard	3	512	4	8	inproc	0	NA	NA	0	77.733887	512	64	297.972168	0.000000	0.000000	0.008789	0	6586.574036	NA	Ada	12	1774748431
standard	1	512	4	8	zmq	NA	0	0	0	55.955078	512	64	188.706055	0.187744	31.221191	0.000000	1	9150.197215	NA	Ada	12	1774748433
standard	2	512	4	8	zmq	NA	0	0	0	56.791992	512	64	189.283447	0.196533	32.829102	0.000000	1	9015.355515	NA	Ada	12	1774748434
standard	3	512	4	8	zmq	NA	0	0	0	58.826904	512	64	196.301758	0.188721	30.285889	0.000000	1	8703.500654	NA	Ada	12	1774748436
standard	1	512	4	8	zmq	NA	0	1	0	57.843994	512	64	191.775879	0.201416	32.168213	0.000000	1	8851.394300	NA	Ada	12	1774748438
standard	2	512	4	8	zmq	NA	0	1	0	313.995117	512	64	157.615967	0.180908	1049.803711	0.000000	1	1630.598605	NA	Ada	12	1774748439
standard	3	512	4	8	zmq	NA	0	1	0	189.223877	512	64	178.900635	0.195068	563.225098	0.000000	1	2705.789609	NA	Ada	12	1774748441
standard	1	512	4	16	inproc	0	NA	NA	0	57.458008	512	32	209.183350	0.000000	0.000000	0.003906	0	8910.855414	NA	Ada	12	1774748441
standard	2	512	4	16	inproc	0	NA	NA	0	59.601074	512	32	229.539551	0.000000	0.000000	0.001953	0	8590.449194	NA	Ada	12	1774748441
standard	3	512	4	16	inproc	0	NA	NA	0	72.489990	512	32	281.919434	0.000000	0.000000	0.002930	0	7063.044130	NA	Ada	12	1774748441
standard	1	512	4	16	zmq	NA	0	0	0	64.748047	512	32	219.789307	0.183838	21.559570	0.000000	1	7907.574432	NA	Ada	12	1774748443
standard	2	512	4	16	zmq	NA	0	0	0	270.922852	512	32	300.791992	0.273926	723.031250	0.000000	1	1889.836893	NA	Ada	12	1774748444
standard	3	512	4	16	zmq	NA	0	0	0	60.947998	512	32	207.271240	0.197266	18.708740	0.000000	1	8400.604063	NA	Ada	12	1774748445
standard	1	512	4	16	zmq	NA	0	1	0	100.741943	512	32	359.007568	0.333740	25.895752	0.000000	1	5082.292270	NA	Ada	12	1774748448
standard	2	512	4	16	zmq	NA	0	1	0	536.491943	512	32	454.868652	0.409424	1650.754639	0.000000	1	954.347975	NA	Ada	12	1774748450
standard	3	512	4	16	zmq	NA	0	1	0	69.884033	512	32	235.819336	0.233643	21.779297	0.000000	1	7326.423169	NA	Ada	12	1774748451
standard	1	512	4	32	inproc	0	NA	NA	0	75.815186	512	16	282.668701	0.000000	0.000000	0.000977	0	6753.264485	NA	Ada	12	1774748451
standard	2	512	4	32	inproc	0	NA	NA	0	79.157959	512	16	289.194580	0.000000	0.000000	0.000000	0	6468.079857	NA	Ada	12	1774748451
standard	3	512	4	32	inproc	0	NA	NA	0	92.298828	512	16	339.907471	0.000000	0.000000	0.002930	0	5547.199357	NA	Ada	12	1774748451
standard	1	512	4	32	zmq	NA	0	0	0	54.677002	512	16	181.784912	0.192871	10.893555	0.000000	1	9364.083284	NA	Ada	12	1774748453
standard	2	512	4	32	zmq	NA	0	0	0	62.100098	512	16	213.756104	0.156982	11.553955	0.000000	1	8244.753540	NA	Ada	12	1774748454
standard	3	512	4	32	zmq	NA	0	0	0	197.177002	512	16	169.620605	0.134277	593.565674	0.000000	1	2596.651714	NA	Ada	12	1774748456
standard	1	512	4	32	zmq	NA	0	1	0	326.662109	512	16	603.443604	0.335693	403.680420	0.000000	1	1567.368805	NA	Ada	12	1774748458
standard	2	512	4	32	zmq	NA	0	1	0	315.510010	512	16	243.101318	0.203369	990.446289	0.000000	1	1622.769434	NA	Ada	12	1774748460
standard	3	512	4	32	zmq	NA	0	1	0	54.734131	512	16	190.955322	0.142090	9.949707	0.000000	1	9354.309495	NA	Ada	12	1774748461
standard	1	512	4	64	inproc	0	NA	NA	0	69.302979	512	8	249.559082	0.000000	0.000000	0.000000	0	7387.849858	NA	Ada	12	1774748461
standard	2	512	4	64	inproc	0	NA	NA	0	83.745117	512	8	297.302979	0.000000	0.000000	0.000977	0	6113.789283	NA	Ada	12	1774748461
standard	3	512	4	64	inproc	0	NA	NA	0	92.196777	512	8	326.631836	0.000000	0.000000	0.000977	0	5553.339441	NA	Ada	12	1774748461
standard	1	512	4	64	zmq	NA	0	0	0	52.333008	512	8	192.969727	0.108154	5.952393	0.000000	1	9783.500345	NA	Ada	12	1774748463
standard	2	512	4	64	zmq	NA	0	0	0	62.981201	512	8	217.265869	0.122803	5.724121	0.000000	1	8129.409895	NA	Ada	12	1774748464
standard	3	512	4	64	zmq	NA	0	0	0	198.529053	512	8	196.820557	0.099854	541.590332	0.000000	1	2578.967627	NA	Ada	12	1774748466
standard	1	512	4	64	zmq	NA	0	1	0	53.052979	512	8	184.430176	0.101807	6.679199	0.000000	1	9650.730540	NA	Ada	12	1774748468
standard	2	512	4	64	zmq	NA	0	1	0	329.147949	512	8	199.801758	0.114014	981.063965	0.000000	1	1555.531490	NA	Ada	12	1774748469
standard	3	512	4	64	zmq	NA	0	1	0	59.278076	512	8	188.619141	0.116943	5.793213	0.000000	1	8637.257365	NA	Ada	12	1774748470
standard	1	512	4	128	inproc	0	NA	NA	0	57.166016	512	4	188.428223	0.000000	0.000000	0.000977	0	8956.370221	NA	Ada	12	1774748471
standard	2	512	4	128	inproc	0	NA	NA	0	56.070068	512	4	201.776123	0.000000	0.000000	0.000000	0	9131.431706	NA	Ada	12	1774748471
standard	3	512	4	128	inproc	0	NA	NA	0	59.278076	512	4	198.227783	0.000000	0.000000	0.000000	0	8637.257365	NA	Ada	12	1774748471
standard	1	512	4	128	zmq	NA	0	0	0	56.200928	512	4	191.156006	0.117432	3.112793	0.000000	1	9110.169896	NA	Ada	12	1774748473
standard	2	512	4	128	zmq	NA	0	0	0	894.602051	512	4	311.821045	0.115967	3098.967041	0.000000	1	572.321514	NA	Ada	12	1774748475
standard	3	512	4	128	zmq	NA	0	0	0	66.868164	512	4	220.584473	0.145020	3.202881	0.000000	1	7656.857447	NA	Ada	12	1774748476
standard	1	512	4	128	zmq	NA	0	1	0	73.790039	512	4	245.863770	0.139160	3.266846	0.000000	1	6938.605895	NA	Ada	12	1774748478
standard	2	512	4	128	zmq	NA	0	1	0	449.838867	512	4	480.288818	0.409424	982.223633	0.000000	1	1138.185331	NA	Ada	12	1774748480
standard	3	512	4	128	zmq	NA	0	1	0	65.580078	512	4	235.199463	0.146240	3.677002	0.000000	1	7807.249010	NA	Ada	12	1774748481
standard	1	512	8	8	inproc	0	NA	NA	0	50.243896	512	64	377.850830	0.000000	0.000000	0.009766	0	10190.292470	NA	Ada	12	1774748481
standard	2	512	8	8	inproc	0	NA	NA	0	62.609131	512	64	458.692871	0.000000	0.000000	0.010010	0	8177.720933	NA	Ada	12	1774748481
standard	3	512	8	8	inproc	0	NA	NA	0	67.154053	512	64	490.888672	0.000000	0.000000	0.018555	0	7624.260624	NA	Ada	12	1774748481
standard	1	512	8	8	zmq	NA	0	0	0	993.120850	512	64	290.854736	0.276611	7212.206787	0.000000	1	515.546522	NA	Ada	12	1774748484
standard	2	512	8	8	zmq	NA	0	0	0	39.528076	512	64	244.575195	0.190186	32.159912	0.000000	1	12952.818593	NA	Ada	12	1774748485
standard	3	512	8	8	zmq	NA	0	0	0	37.124023	512	64	241.008789	0.275146	28.476318	0.000000	1	13791.608576	NA	Ada	12	1774748486
standard	1	512	8	8	zmq	NA	0	1	0	40.302002	512	64	258.527100	0.206299	29.452148	0.000000	1	12704.083549	NA	Ada	12	1774748490
standard	2	512	8	8	zmq	NA	0	1	0	38.544189	512	64	245.903564	0.197021	29.704590	0.000000	1	13283.454841	NA	Ada	12	1774748491
standard	3	512	8	8	zmq	NA	0	1	0	779.136963	512	64	213.570801	0.220215	5624.083252	0.000000	1	657.137351	NA	Ada	12	1774748493
standard	1	512	8	16	inproc	0	NA	NA	0	42.973877	512	32	306.337158	0.000000	0.000000	0.003906	0	11914.214781	NA	Ada	12	1774748493
standard	2	512	8	16	inproc	0	NA	NA	0	47.187988	512	32	351.055176	0.000000	0.000000	0.005127	0	10850.218851	NA	Ada	12	1774748493
standard	3	512	8	16	inproc	0	NA	NA	0	50.843018	512	32	372.708740	0.000000	0.000000	0.009277	0	10070.212674	NA	Ada	12	1774748493
standard	1	512	8	16	zmq	NA	0	0	0	37.806152	512	32	247.500000	0.168945	15.067871	0.000000	1	13542.769318	NA	Ada	12	1774748495
standard	2	512	8	16	zmq	NA	0	0	0	590.460938	512	32	241.477295	0.189941	3998.028076	0.000000	1	867.119173	NA	Ada	12	1774748497
standard	3	512	8	16	zmq	NA	0	0	0	35.057861	512	32	244.365234	0.156006	14.734619	0.000000	1	14604.427669	NA	Ada	12	1774748498
standard	1	512	8	16	zmq	NA	0	1	0	424.576904	512	32	262.689209	0.187500	2710.429688	0.000000	1	1205.906385	NA	Ada	12	1774748500
standard	2	512	8	16	zmq	NA	0	1	0	46.067871	512	32	286.682617	0.191650	19.222412	0.000000	1	11114.036482	NA	Ada	12	1774748501
standard	3	512	8	16	zmq	NA	0	1	0	38.778076	512	32	266.731934	0.262939	16.652344	0.000000	1	13203.336796	NA	Ada	12	1774748503
standard	1	512	8	32	inproc	0	NA	NA	0	35.741943	512	16	263.349854	0.000000	0.000000	0.000977	0	14324.906591	NA	Ada	12	1774748503
standard	2	512	8	32	inproc	0	NA	NA	0	38.945068	512	16	276.543945	0.000000	0.000000	0.001953	0	13146.722334	NA	Ada	12	1774748503
standard	3	512	8	32	inproc	0	NA	NA	0	55.751953	512	16	364.177734	0.000000	0.000000	0.005127	0	9183.534770	NA	Ada	12	1774748503
standard	1	512	8	32	zmq	NA	0	0	0	46.757080	512	16	293.357178	0.185547	7.888916	0.000000	1	10950.213297	NA	Ada	12	1774748505
standard	2	512	8	32	zmq	NA	0	0	0	40.397949	512	16	244.123779	0.192627	8.626953	0.000000	1	12673.910679	NA	Ada	12	1774748506
standard	3	512	8	32	zmq	NA	0	0	0	53.756836	512	16	353.456787	0.250977	14.673340	0.000000	1	9524.370084	NA	Ada	12	1774748507
standard	1	512	8	32	zmq	NA	0	1	0	34.358887	512	16	226.057373	0.138184	7.891846	0.000000	1	14901.530547	NA	Ada	12	1774748510
standard	2	512	8	32	zmq	NA	0	1	0	197.604004	512	16	319.622803	0.238037	1018.082764	0.000000	1	2591.040616	NA	Ada	12	1774748511
standard	3	512	8	32	zmq	NA	0	1	0	43.766113	512	16	304.246094	0.181641	7.654297	0.000000	1	11698.548526	NA	Ada	12	1774748512
standard	1	512	8	64	inproc	0	NA	NA	0	73.676025	512	8	475.830811	0.000000	0.000000	0.000000	0	6949.343389	NA	Ada	12	1774748512
standard	2	512	8	64	inproc	0	NA	NA	0	72.033936	512	8	522.623779	0.000000	0.000000	0.001953	0	7107.761031	NA	Ada	12	1774748512
standard	3	512	8	64	inproc	0	NA	NA	0	74.780029	512	8	526.170166	0.000000	0.000000	0.000977	0	6846.747786	NA	Ada	12	1774748512
standard	1	512	8	64	zmq	NA	0	0	0	43.812012	512	8	273.412109	0.164307	5.990479	0.000000	1	11686.292866	NA	Ada	12	1774748514
standard	2	512	8	64	zmq	NA	0	0	0	66.962891	512	8	433.813965	0.389404	5.889648	0.000000	1	7646.025959	NA	Ada	12	1774748516
standard	3	512	8	64	zmq	NA	0	0	0	117.636963	512	8	612.890625	0.389404	23.341797	0.000000	1	4352.373501	NA	Ada	12	1774748517
standard	1	512	8	64	zmq	NA	0	1	0	62.635986	512	8	384.335449	0.241699	6.174805	0.000000	1	8174.214697	NA	Ada	12	1774748520
standard	2	512	8	64	zmq	NA	0	1	0	36.412842	512	8	223.883545	0.228516	5.081055	0.000000	1	14060.973402	NA	Ada	12	1774748521
standard	3	512	8	64	zmq	NA	0	1	0	59.319092	512	8	367.239746	0.273926	6.692871	0.000000	1	8631.285215	NA	Ada	12	1774748522
standard	1	512	8	128	inproc	0	NA	NA	0	93.995117	512	4	346.492188	0.000000	0.000000	0.000977	0	5447.091459	NA	Ada	12	1774748522
standard	2	512	8	128	inproc	0	NA	NA	0	88.406982	512	4	335.981201	0.000000	0.000000	0.000977	0	5791.397760	NA	Ada	12	1774748522
standard	3	512	8	128	inproc	0	NA	NA	0	102.051025	512	4	345.619629	0.000000	0.000000	0.001221	0	5017.098045	NA	Ada	12	1774748523
standard	1	512	8	128	zmq	NA	0	0	0	529.477051	512	4	364.534180	0.235107	1541.664795	0.000000	1	966.991863	NA	Ada	12	1774748525
standard	2	512	8	128	zmq	NA	0	0	0	191.629883	512	4	262.382812	0.173096	224.199707	0.000000	1	2671.817112	NA	Ada	12	1774748527
standard	3	512	8	128	zmq	NA	0	0	0	70.520020	512	4	253.096924	0.145996	3.547119	0.000000	1	7260.349662	NA	Ada	12	1774748528
standard	1	512	8	128	zmq	NA	0	1	0	54.595947	512	4	190.572998	0.144775	3.190186	0.000000	1	9377.985467	NA	Ada	12	1774748530
standard	2	512	8	128	zmq	NA	0	1	0	427.131104	512	4	350.114746	0.251221	1127.041748	0.000000	1	1198.695192	NA	Ada	12	1774748531
standard	3	512	8	128	zmq	NA	0	1	0	183.000000	512	4	229.989014	0.136230	117.513916	0.000000	1	2797.814208	NA	Ada	12	1774748533
standard	1	512	12	8	inproc	0	NA	NA	0	38.978027	512	64	407.763916	0.000000	0.000000	0.011963	0	13135.605747	NA	Ada	12	1774748533
standard	2	512	12	8	inproc	0	NA	NA	0	48.072021	512	64	429.827881	0.000000	0.000000	0.010742	0	10650.685871	NA	Ada	12	1774748533
standard	3	512	12	8	inproc	0	NA	NA	0	53.675049	512	64	474.184570	0.000000	0.000000	0.009033	0	9538.882799	NA	Ada	12	1774748533
standard	1	512	12	8	zmq	NA	0	0	0	55.342041	512	64	441.146240	0.287598	57.800293	0.000000	1	9251.556152	NA	Ada	12	1774748535
standard	2	512	12	8	zmq	NA	0	0	0	42.433838	512	64	289.008545	0.207031	92.989258	0.000000	1	12065.842390	0.156536	Ada	12	1774748537
standard	3	512	12	8	zmq	NA	0	0	0	43.629150	512	64	345.439697	0.245850	59.056152	0.000000	1	11735.273216	5.444573	Ada	12	1774748538
standard	1	512	12	8	zmq	NA	0	1	0	59.718018	512	64	371.470459	0.245361	113.573242	0.000000	1	8573.626868	0.133932	Ada	12	1774748540
standard	2	512	12	8	zmq	NA	0	1	0	31.764160	512	64	287.091797	0.200195	18.951660	0.000000	1	16118.795444	4.618461	Ada	12	1774748541
standard	3	512	12	8	zmq	NA	0	1	0	39.011963	512	64	300.044922	0.213623	51.391602	0.000000	1	13124.179407	0.235348	Ada	12	1774748542
standard	1	512	12	16	inproc	0	NA	NA	0	53.864014	512	32	435.172852	0.000000	0.000000	0.001953	0	9505.418648	NA	Ada	12	1774748542
standard	2	512	12	16	inproc	0	NA	NA	0	62.084961	512	32	525.952637	0.000000	0.000000	0.007812	0	8246.763665	NA	Ada	12	1774748542
standard	3	512	12	16	inproc	0	NA	NA	0	64.391113	512	32	557.353760	0.000000	0.000000	0.013672	0	7951.407794	NA	Ada	12	1774748542
standard	1	512	12	16	zmq	NA	0	0	0	74.240967	512	32	502.971191	0.233643	89.068359	0.000000	1	6896.461914	0.363323	Ada	12	1774748545
standard	2	512	12	16	zmq	NA	0	0	0	42.631104	512	32	307.561768	0.167480	12.422852	0.000000	1	12010.010480	11.427337	Ada	12	1774748546
standard	3	512	12	16	zmq	NA	0	0	0	58.826904	512	32	491.549316	0.255615	24.440674	0.000000	1	8703.500654	0.329985	Ada	12	1774748547
standard	1	512	12	16	zmq	NA	0	1	0	91.440918	512	32	625.942871	0.378174	147.066406	0.000000	1	5599.243877	0.929204	Ada	12	1774748549
standard	2	512	12	16	zmq	NA	0	1	0	38.650146	512	32	306.443604	0.197998	13.698486	0.000000	1	13247.039056	8.804403	Ada	12	1774748550
standard	3	512	12	16	zmq	NA	0	1	0	40.962891	512	32	307.169922	0.176025	18.205566	0.000000	1	12499.117914	0.224257	Ada	12	1774748551
standard	1	512	12	32	inproc	0	NA	NA	0	52.904053	512	16	404.918457	0.000000	0.000000	0.004150	0	9677.897506	NA	Ada	12	1774748551
standard	2	512	12	32	inproc	0	NA	NA	0	55.873779	512	16	451.265625	0.000000	0.000000	0.000977	0	9163.511158	NA	Ada	12	1774748552
standard	3	512	12	32	inproc	0	NA	NA	0	62.514160	512	16	483.923096	0.000000	0.000000	0.002930	0	8190.144420	NA	Ada	12	1774748552
standard	1	512	12	32	zmq	NA	0	0	0	81.533936	512	16	593.006104	0.329590	41.220215	0.000000	1	6279.593847	0.362953	Ada	12	1774748554
standard	2	512	12	32	zmq	NA	0	0	0	45.052979	512	16	316.514893	0.198730	9.319092	0.000000	1	11364.398468	22.503889	Ada	12	1774748555
standard	3	512	12	32	zmq	NA	0	0	0	49.906006	512	16	317.465576	0.241943	10.370117	0.000000	1	10259.286256	0.293075	Ada	12	1774748556
standard	1	512	12	32	zmq	NA	0	1	0	90.173828	512	16	662.885010	0.273682	56.553223	0.000000	1	5677.922415	0.308012	Ada	12	1774748558
standard	2	512	12	32	zmq	NA	0	1	0	49.094971	512	16	298.162842	0.221924	9.711914	0.000000	1	10428.766789	0.319470	Ada	12	1774748559
standard	3	512	12	32	zmq	NA	0	1	0	43.593994	512	16	307.185547	0.223877	8.281006	0.000000	1	11744.737093	2.624697	Ada	12	1774748560
standard	1	512	12	64	inproc	0	NA	NA	0	42.206787	512	8	300.739990	0.000000	0.000000	0.000977	0	12130.750409	NA	Ada	12	1774748561
standard	2	512	12	64	inproc	0	NA	NA	0	39.385010	512	8	292.717529	0.000000	0.000000	0.001953	0	12999.869825	NA	Ada	12	1774748561
standard	3	512	12	64	inproc	0	NA	NA	0	45.421143	512	8	297.617188	0.000000	0.000000	0.000977	0	11272.283587	NA	Ada	12	1774748561
standard	1	512	12	64	zmq	NA	0	0	0	42.813965	512	8	252.893066	0.230225	5.883789	0.000000	1	11958.714916	0.409098	Ada	12	1774748563
standard	2	512	12	64	zmq	NA	0	0	0	46.852783	512	8	270.647461	0.256592	5.288818	0.000000	1	10927.846010	0.341828	Ada	12	1774748564
standard	3	512	12	64	zmq	NA	0	0	0	41.272949	512	8	237.864014	0.171875	4.981201	0.000000	1	12405.219634	0.298284	Ada	12	1774748565
standard	1	512	12	64	zmq	NA	0	1	0	44.703125	512	8	249.078369	0.183838	4.909912	0.000000	1	11453.337994	0.300799	Ada	12	1774748567
standard	2	512	12	64	zmq	NA	0	1	0	48.644775	512	8	282.426270	0.434570	5.919189	0.000000	1	10525.282436	0.311778	Ada	12	1774748568
standard	3	512	12	64	zmq	NA	0	1	0	66.852783	512	8	383.180176	0.243164	5.091309	0.000000	1	7658.619065	0.335780	Ada	12	1774748569
standard	1	512	12	128	inproc	0	NA	NA	0	73.693848	512	4	257.229980	0.000000	0.000000	0.000000	0	6947.662746	NA	Ada	12	1774748570
standard	2	512	12	128	inproc	0	NA	NA	0	78.201904	512	4	256.841553	0.000000	0.000000	0.000000	0	6547.155144	NA	Ada	12	1774748570
standard	3	512	12	128	inproc	0	NA	NA	0	80.927979	512	4	263.828857	0.000000	0.000000	0.000000	0	6326.612988	NA	Ada	12	1774748570
standard	1	512	12	128	zmq	NA	0	0	0	65.776855	512	4	209.842041	0.173584	3.510986	0.000000	1	7783.892926	0.460879	Ada	12	1774748572
standard	2	512	12	128	zmq	NA	0	0	0	72.541992	512	4	246.705811	0.137939	3.072021	0.000000	1	7057.980965	0.387520	Ada	12	1774748573
standard	3	512	12	128	zmq	NA	0	0	0	71.320068	512	4	216.013916	0.144043	4.742920	0.000000	1	7178.905065	0.423674	Ada	12	1774748574
standard	1	512	12	128	zmq	NA	0	1	0	88.434082	512	4	289.117920	0.239990	3.712891	0.000000	1	5789.623053	0.476533	Ada	12	1774748577
standard	2	512	12	128	zmq	NA	0	1	0	157.791016	512	4	538.852783	0.280273	5.542969	0.000000	1	3244.798178	0.747772	Ada	12	1774748578
standard	3	512	12	128	zmq	NA	0	1	0	114.715088	512	4	386.544922	0.223145	3.844727	0.000000	1	4463.231554	0.486525	Ada	12	1774748579
standard	1	768	1	8	inproc	0	NA	NA	0	308.758057	768	96	308.639404	0.000000	0.000000	0.016846	0	2487.384486	NA	Ada	12	1774748580
standard	2	768	1	8	inproc	0	NA	NA	0	398.845215	768	96	398.618408	0.000000	0.000000	0.018311	0	1925.559017	NA	Ada	12	1774748580
standard	3	768	1	8	inproc	0	NA	NA	0	573.931152	768	96	573.602051	0.000000	0.000000	0.044434	0	1338.139595	NA	Ada	12	1774748581
standard	1	768	1	8	zmq	NA	0	0	0	265.669189	768	96	206.065430	0.338867	59.060547	0.000000	1	2890.813201	0.335056	Ada	12	1774748583
standard	2	768	1	8	zmq	NA	0	0	0	253.677002	768	96	216.893311	0.338135	36.313232	0.000000	1	3027.471919	0.224125	Ada	12	1774748585
standard	3	768	1	8	zmq	NA	0	0	0	270.438965	768	96	213.944336	0.313477	56.019531	0.000000	1	2839.827465	0.321625	Ada	12	1774748586
standard	1	768	1	8	zmq	NA	0	1	0	263.531006	768	96	203.570312	0.306152	59.502686	0.000000	1	2914.268086	0.341479	Ada	12	1774748589
standard	2	768	1	8	zmq	NA	0	1	0	260.440918	768	96	217.217529	0.251465	42.847900	0.000000	1	2948.845389	0.251474	Ada	12	1774748590
standard	3	768	1	8	zmq	NA	0	1	0	252.237793	768	96	216.466309	0.318604	35.330811	0.000000	1	3044.745956	0.236665	Ada	12	1774748591
standard	1	768	1	16	inproc	0	NA	NA	0	217.115967	768	48	217.059326	0.000000	0.000000	0.007812	0	3537.280152	NA	Ada	12	1774748592
standard	2	768	1	16	inproc	0	NA	NA	0	226.398193	768	48	226.329102	0.000000	0.000000	0.005859	0	3392.253218	NA	Ada	12	1774748592
standard	3	768	1	16	inproc	0	NA	NA	0	223.723145	768	48	223.283691	0.000000	0.000000	0.363770	0	3432.814256	NA	Ada	12	1774748592
standard	1	768	1	16	zmq	NA	0	0	0	240.996094	768	48	208.955078	0.246582	31.680908	0.000000	1	3186.773645	0.299098	Ada	12	1774748595
standard	2	768	1	16	zmq	NA	0	0	0	240.668945	768	48	207.526611	0.256836	32.772217	0.000000	1	3191.105521	0.325163	Ada	12	1774748596
standard	3	768	1	16	zmq	NA	0	0	0	243.777100	768	48	214.051758	0.259521	29.362061	0.000000	1	3150.418974	0.328063	Ada	12	1774748597
standard	1	768	1	16	zmq	NA	0	1	0	235.125000	768	48	207.076416	0.248291	27.701416	0.000000	1	3266.347687	0.336280	Ada	12	1774748600
standard	2	768	1	16	zmq	NA	0	1	0	236.937988	768	48	210.267090	0.254883	26.322021	0.000000	1	3241.354439	0.327801	Ada	12	1774748601
standard	3	768	1	16	zmq	NA	0	1	0	241.909180	768	48	214.452393	0.260498	27.056396	0.000000	1	3174.745171	0.333168	Ada	12	1774748602
standard	1	768	1	32	inproc	0	NA	NA	0	219.994873	768	24	219.916992	0.000000	0.000000	0.000977	0	3490.990446	NA	Ada	12	1774748603
standard	2	768	1	32	inproc	0	NA	NA	0	271.911865	768	24	271.831299	0.000000	0.000000	0.004883	0	2824.444602	NA	Ada	12	1774748603
standard	3	768	1	32	inproc	0	NA	NA	0	225.836914	768	24	225.776123	0.000000	0.000000	0.007080	0	3400.684087	NA	Ada	12	1774748603
standard	1	768	1	32	zmq	NA	0	0	0	224.812012	768	24	206.129395	0.186768	18.419434	0.000000	1	3416.187570	11.465335	Ada	12	1774748606
standard	2	768	1	32	zmq	NA	0	0	0	234.575928	768	24	217.804199	0.226318	16.346924	0.000000	1	3273.993233	0.255499	Ada	12	1774748607
standard	3	768	1	32	zmq	NA	0	0	0	455.697021	768	24	438.476562	0.329590	16.770264	0.000000	1	1685.330305	0.269627	Ada	12	1774748608
standard	1	768	1	32	zmq	NA	0	1	0	306.393066	768	24	289.138428	0.239258	16.909668	0.000000	1	2506.584137	0.299269	Ada	12	1774748611
standard	2	768	1	32	zmq	NA	0	1	0	235.993896	768	24	220.655518	0.179932	15.078613	0.000000	1	3254.321453	0.317156	Ada	12	1774748612
standard	3	768	1	32	zmq	NA	0	1	0	277.023926	768	24	260.426270	0.234863	16.276611	0.000000	1	2772.323718	0.341791	Ada	12	1774748614
standard	1	768	1	64	inproc	0	NA	NA	0	259.106201	768	12	259.063965	0.000000	0.000000	0.004150	0	2964.035583	NA	Ada	12	1774748614
standard	2	768	1	64	inproc	0	NA	NA	0	294.836914	768	12	294.789307	0.000000	0.000000	0.003906	0	2604.829868	NA	Ada	12	1774748615
standard	3	768	1	64	inproc	0	NA	NA	0	265.219971	768	12	265.177979	0.000000	0.000000	0.001953	0	2895.709542	NA	Ada	12	1774748615
standard	1	768	1	64	zmq	NA	0	0	0	231.908936	768	12	225.359863	0.157959	6.334717	0.000000	1	3311.644712	0.324393	Ada	12	1774748617
standard	2	768	1	64	zmq	NA	0	0	0	256.052979	768	12	248.182617	0.158936	7.657227	0.000000	1	2999.379286	0.393795	Ada	12	1774748619
standard	3	768	1	64	zmq	NA	0	0	0	283.371094	768	12	274.288330	0.169434	8.857422	0.000000	1	2710.227038	0.421793	Ada	12	1774748620
standard	1	768	1	64	zmq	NA	0	1	0	300.562988	768	12	290.708252	0.283203	9.510010	0.000000	1	2555.204832	0.466042	Ada	12	1774748622
standard	2	768	1	64	zmq	NA	0	1	0	266.545898	768	12	257.498291	0.177734	8.806152	0.000000	1	2881.304888	0.258154	Ada	12	1774748624
standard	3	768	1	64	zmq	NA	0	1	0	304.552979	768	12	295.164307	0.177246	9.151123	0.000000	1	2521.728744	0.253484	Ada	12	1774748625
standard	1	768	1	128	inproc	0	NA	NA	0	271.875000	768	6	271.840088	0.000000	0.000000	0.002930	0	2824.827586	NA	Ada	12	1774748626
standard	2	768	1	128	inproc	0	NA	NA	0	275.525879	768	6	275.492432	0.000000	0.000000	0.000977	0	2787.396970	NA	Ada	12	1774748626
standard	3	768	1	128	inproc	0	NA	NA	0	272.410156	768	6	272.376953	0.000000	0.000000	0.001953	0	2819.278145	NA	Ada	12	1774748626
standard	1	768	1	128	zmq	NA	0	0	0	230.063965	768	6	225.390137	0.104980	4.528809	0.000000	1	3338.202054	0.275433	Ada	12	1774748629
standard	2	768	1	128	zmq	NA	0	0	0	220.865967	768	6	216.091797	0.197998	4.533936	0.000000	1	3477.222005	0.311111	Ada	12	1774748630
standard	3	768	1	128	zmq	NA	0	0	0	225.401123	768	6	220.864258	0.113525	4.382080	0.000000	1	3407.258977	0.307654	Ada	12	1774748631
standard	1	768	1	128	zmq	NA	0	1	0	248.714111	768	6	243.994873	0.132080	4.548828	0.000000	1	3087.882694	0.343049	Ada	12	1774748634
standard	2	768	1	128	zmq	NA	0	1	0	231.289062	768	6	225.676270	0.120850	5.450195	0.000000	1	3320.520182	0.408128	Ada	12	1774748635
standard	3	768	1	128	zmq	NA	0	1	0	298.205078	768	6	293.329346	0.130859	4.706787	0.000000	1	2575.408859	0.436529	Ada	12	1774748636
standard	1	768	2	8	inproc	0	NA	NA	0	160.106934	768	96	318.827393	0.000000	0.000000	0.007080	0	4796.794135	NA	Ada	12	1774748637
standard	2	768	2	8	inproc	0	NA	NA	0	192.454834	768	96	382.480225	0.000000	0.000000	0.008789	0	3990.546686	NA	Ada	12	1774748637
standard	3	768	2	8	inproc	0	NA	NA	0	229.999023	768	96	457.428711	0.000000	0.000000	0.015137	0	3339.144613	NA	Ada	12	1774748637
standard	1	768	2	8	zmq	NA	0	0	0	166.938965	768	96	270.401367	0.354492	59.325439	0.000000	1	4600.483780	2.579921	Ada	12	1774748640
standard	2	768	2	8	zmq	NA	0	0	0	151.814941	768	96	240.991455	0.278809	60.658936	0.000000	1	5058.790610	0.277793	Ada	12	1774748641
standard	3	768	2	8	zmq	NA	0	0	0	181.097900	768	96	296.648682	0.380615	61.358398	0.000000	1	4240.800133	0.271897	Ada	12	1774748642
standard	1	768	2	8	zmq	NA	0	1	0	188.182129	768	96	308.396973	0.346191	66.048828	0.000000	1	4081.152682	0.310884	Ada	12	1774748645
standard	2	768	2	8	zmq	NA	0	1	0	195.641113	768	96	337.810059	0.474609	50.498047	0.000000	1	3925.555253	0.277261	Ada	12	1774748646
standard	3	768	2	8	zmq	NA	0	1	0	292.346924	768	96	511.774658	0.712158	69.718506	0.000000	1	2627.015841	0.354630	Ada	12	1774748647
standard	1	768	2	16	inproc	0	NA	NA	0	346.599854	768	48	683.981689	0.000000	0.000000	0.023438	0	2215.811669	NA	Ada	12	1774748648
standard	2	768	2	16	inproc	0	NA	NA	0	384.950928	768	48	764.609863	0.000000	0.000000	0.028809	0	1995.059486	NA	Ada	12	1774748648
standard	3	768	2	16	inproc	0	NA	NA	0	267.250000	768	48	531.459717	0.000000	0.000000	0.016113	0	2873.713751	NA	Ada	12	1774748649
standard	1	768	2	16	zmq	NA	0	0	0	192.869873	768	48	342.122314	0.390137	37.499023	0.000000	1	3981.959379	0.402481	Ada	12	1774748651
standard	2	768	2	16	zmq	NA	0	0	0	216.748047	768	48	382.428223	0.386963	45.414307	0.000000	1	3543.284524	0.490150	Ada	12	1774748652
standard	3	768	2	16	zmq	NA	0	0	0	219.522949	768	48	397.296387	0.391357	39.191162	0.000000	1	3498.495272	0.424394	Ada	12	1774748654
standard	1	768	2	16	zmq	NA	0	1	0	213.934082	768	48	392.248779	0.492188	30.132324	0.000000	1	3589.890833	0.369911	Ada	12	1774748656
standard	2	768	2	16	zmq	NA	0	1	0	167.213135	768	48	296.570801	0.315186	32.913086	0.000000	1	4592.940627	0.290704	Ada	12	1774748657
standard	3	768	2	16	zmq	NA	0	1	0	237.504883	768	48	443.351318	0.433838	27.541016	0.000000	1	3233.617730	0.244156	Ada	12	1774748659
standard	1	768	2	32	inproc	0	NA	NA	0	187.131836	768	24	368.487549	0.000000	0.000000	0.002930	0	4104.058490	NA	Ada	12	1774748659
standard	2	768	2	32	inproc	0	NA	NA	0	179.084961	768	24	355.404785	0.000000	0.000000	0.001953	0	4288.467306	NA	Ada	12	1774748659
standard	3	768	2	32	inproc	0	NA	NA	0	181.405762	768	24	355.651611	0.000000	0.000000	0.002930	0	4233.603127	NA	Ada	12	1774748659
standard	1	768	2	32	zmq	NA	0	0	0	139.331055	768	24	258.151123	0.172607	19.408691	0.000000	1	5512.051866	0.290250	Ada	12	1774748662
standard	2	768	2	32	zmq	NA	0	0	0	161.115967	768	24	304.262207	0.275146	14.967285	0.000000	1	4766.752888	0.287848	Ada	12	1774748663
standard	3	768	2	32	zmq	NA	0	0	0	191.453125	768	24	361.367188	0.300781	20.215576	0.000000	1	4011.425773	0.329389	Ada	12	1774748664
standard	1	768	2	32	zmq	NA	0	1	0	224.214111	768	24	423.537598	0.303223	18.084961	0.000000	1	3425.297344	0.347277	Ada	12	1774748667
standard	2	768	2	32	zmq	NA	0	1	0	290.801025	768	24	560.247314	0.355713	18.556396	0.000000	1	2640.981059	0.427769	Ada	12	1774748668
standard	3	768	2	32	zmq	NA	0	1	0	462.094971	768	24	834.319824	0.479980	19.737305	0.000000	1	1661.996015	1.215918	Ada	12	1774748669
standard	1	768	2	64	inproc	0	NA	NA	0	224.275146	768	12	442.857178	0.000000	0.000000	0.001953	0	3424.365169	NA	Ada	12	1774748670
standard	2	768	2	64	inproc	0	NA	NA	0	192.623047	768	12	375.237549	0.000000	0.000000	0.001953	0	3987.061842	NA	Ada	12	1774748670
standard	3	768	2	64	inproc	0	NA	NA	0	195.253174	768	12	389.101318	0.000000	0.000000	0.002930	0	3933.354757	NA	Ada	12	1774748670
standard	1	768	2	64	zmq	NA	0	0	0	184.478027	768	12	357.825439	0.276855	8.685791	0.000000	1	4163.097422	NA	Ada	12	1774748673
standard	2	768	2	64	zmq	NA	0	0	0	128.940186	768	12	245.714844	0.149170	11.623535	0.000000	1	5956.250154	NA	Ada	12	1774748674
standard	3	768	2	64	zmq	NA	0	0	0	163.669189	768	12	314.507324	0.163330	9.193848	0.000000	1	4692.392029	NA	Ada	12	1774748675
standard	1	768	2	64	zmq	NA	0	1	0	195.959961	768	12	372.264404	0.195557	9.809570	0.000000	1	3919.167958	NA	Ada	12	1774748678
standard	2	768	2	64	zmq	NA	0	1	0	144.346191	768	12	276.481934	0.160156	9.316162	0.000000	1	5320.542181	NA	Ada	12	1774748679
standard	3	768	2	64	zmq	NA	0	1	0	320.036133	768	12	367.570312	0.188477	227.752441	0.000000	1	2399.729035	NA	Ada	12	1774748680
standard	1	768	2	128	inproc	0	NA	NA	0	203.770020	768	6	400.382812	0.000000	0.000000	0.000000	0	3768.954833	NA	Ada	12	1774748681
standard	2	768	2	128	inproc	0	NA	NA	0	182.560059	768	6	362.187988	0.000000	0.000000	0.001953	0	4206.834758	NA	Ada	12	1774748681
standard	3	768	2	128	inproc	0	NA	NA	0	296.560791	768	6	579.057129	0.000000	0.000000	0.000977	0	2589.688264	NA	Ada	12	1774748681
standard	1	768	2	128	zmq	NA	0	0	0	115.650146	768	6	223.905518	0.115479	5.563477	0.000000	1	6640.717918	0.483176	Ada	12	1774748683
standard	2	768	2	128	zmq	NA	0	0	0	116.388916	768	6	226.007080	0.126953	4.480225	0.000000	1	6598.566481	0.434371	Ada	12	1774748685
standard	3	768	2	128	zmq	NA	0	0	0	151.326904	768	6	288.990479	0.127441	5.734131	0.000000	1	5075.105472	0.398816	Ada	12	1774748686
standard	1	768	2	128	zmq	NA	0	1	0	209.311035	768	6	412.433838	0.208984	5.000244	0.000000	1	3669.180650	0.572715	Ada	12	1774748688
standard	2	768	2	128	zmq	NA	0	1	0	253.122803	768	6	493.843262	0.205078	5.217041	0.000000	1	3034.100412	0.197098	Ada	12	1774748689
standard	3	768	2	128	zmq	NA	0	1	0	247.445068	768	6	487.671143	0.226807	6.206299	0.000000	1	3103.719161	0.189899	Ada	12	1774748691
standard	1	768	4	8	inproc	0	NA	NA	0	147.065186	768	96	570.962402	0.000000	0.000000	0.023193	0	5222.174080	NA	Ada	12	1774748691
standard	2	768	4	8	inproc	0	NA	NA	0	146.718018	768	96	574.218994	0.000000	0.000000	0.020996	0	5234.530923	NA	Ada	12	1774748691
standard	3	768	4	8	inproc	0	NA	NA	0	155.018066	768	96	603.641846	0.000000	0.000000	0.024902	0	4954.261254	NA	Ada	12	1774748692
standard	1	768	4	8	zmq	NA	0	0	0	148.651123	768	96	502.851807	0.617920	80.348145	0.000000	1	5166.459454	0.426865	Ada	12	1774748694
standard	2	768	4	8	zmq	NA	0	0	0	111.922852	768	96	373.105225	0.368896	62.200928	0.000000	1	6861.869487	0.289098	Ada	12	1774748695
standard	3	768	4	8	zmq	NA	0	0	0	168.050049	768	96	559.446777	0.560791	60.114502	0.000000	1	4570.067104	0.253466	Ada	12	1774748696
standard	1	768	4	8	zmq	NA	0	1	0	331.464111	768	96	922.058838	0.833740	263.822754	0.000000	1	2316.992922	0.680335	Ada	12	1774748699
standard	2	768	4	8	zmq	NA	0	1	0	89.787842	768	96	299.293457	0.272949	51.854736	0.000000	1	8553.496605	0.273304	Ada	12	1774748700
standard	3	768	4	8	zmq	NA	0	1	0	85.779785	768	96	293.106201	0.295410	45.565186	0.000000	1	8953.158353	0.256368	Ada	12	1774748701
standard	1	768	4	16	inproc	0	NA	NA	0	152.192139	768	48	595.096924	0.000000	0.000000	0.004883	0	5046.252761	NA	Ada	12	1774748702
standard	2	768	4	16	inproc	0	NA	NA	0	165.822998	768	48	641.075439	0.000000	0.000000	0.014893	0	4631.444426	NA	Ada	12	1774748702
standard	3	768	4	16	inproc	0	NA	NA	0	153.830078	768	48	583.476318	0.000000	0.000000	0.010986	0	4992.521680	NA	Ada	12	1774748702
standard	1	768	4	16	zmq	NA	0	0	0	89.520996	768	48	315.566162	0.277832	28.475098	0.000000	1	8578.993013	0.349377	Ada	12	1774748704
standard	2	768	4	16	zmq	NA	0	0	0	142.193115	768	48	511.756104	0.417480	42.373291	0.000000	1	5401.105382	0.441988	Ada	12	1774748705
standard	3	768	4	16	zmq	NA	0	0	0	95.847900	768	48	338.538818	0.299561	33.752197	0.000000	1	8012.695081	0.162309	Ada	12	1774748707
standard	1	768	4	16	zmq	NA	0	1	0	134.354980	768	48	398.385010	0.381592	23.399414	0.000000	1	5716.200451	0.270578	Ada	12	1774748709
standard	2	768	4	16	zmq	NA	0	1	0	203.656006	768	48	477.183350	0.418457	211.822998	0.000000	1	3771.064825	0.141126	Ada	12	1774748710
standard	3	768	4	16	zmq	NA	0	1	0	167.074951	768	48	523.520508	0.332520	104.876709	0.000000	1	4596.739335	NA	Ada	12	1774748711
standard	1	768	4	32	inproc	0	NA	NA	0	99.198975	768	24	381.987549	0.000000	0.000000	0.005371	0	7742.015510	NA	Ada	12	1774748712
standard	2	768	4	32	inproc	0	NA	NA	0	106.002930	768	24	393.584473	0.000000	0.000000	0.007324	0	7245.082775	NA	Ada	12	1774748712
standard	3	768	4	32	inproc	0	NA	NA	0	115.876953	768	24	438.822510	0.000000	0.000000	0.004150	0	6627.720002	NA	Ada	12	1774748712
standard	1	768	4	32	zmq	NA	0	0	0	91.249023	768	24	315.600830	0.203613	17.354736	0.000000	1	8416.528430	NA	Ada	12	1774748714
standard	2	768	4	32	zmq	NA	0	0	0	318.621094	768	24	423.126221	0.280762	718.476318	0.000000	1	2410.386553	NA	Ada	12	1774748716
standard	3	768	4	32	zmq	NA	0	0	0	219.786865	768	24	251.512939	0.176514	612.824219	0.000000	1	3494.294344	NA	Ada	12	1774748717
standard	1	768	4	32	zmq	NA	0	1	0	324.769043	768	24	658.846436	0.405029	561.884521	0.000000	1	2364.757407	NA	Ada	12	1774748720
standard	2	768	4	32	zmq	NA	0	1	0	1792.535889	768	24	593.676270	0.401611	6550.985107	0.000000	1	428.443305	NA	Ada	12	1774748722
standard	3	768	4	32	zmq	NA	0	1	0	145.214844	768	24	515.644043	0.304932	18.671387	0.000000	1	5288.715535	NA	Ada	12	1774748724
standard	1	768	4	64	inproc	0	NA	NA	0	173.216064	768	12	655.003174	0.000000	0.000000	0.003906	0	4433.768903	NA	Ada	12	1774748724
standard	2	768	4	64	inproc	0	NA	NA	0	156.281982	768	12	594.661377	0.000000	0.000000	0.008301	0	4914.194126	NA	Ada	12	1774748724
standard	3	768	4	64	inproc	0	NA	NA	0	163.540039	768	12	619.816406	0.000000	0.000000	0.001953	0	4696.097692	NA	Ada	12	1774748724
standard	1	768	4	64	zmq	NA	0	0	0	169.970947	768	12	628.636230	0.358887	10.842773	0.000000	1	4518.419250	NA	Ada	12	1774748727
standard	2	768	4	64	zmq	NA	0	0	0	206.567871	768	12	790.033936	0.413818	13.061035	0.000000	1	3717.906352	NA	Ada	12	1774748728
standard	3	768	4	64	zmq	NA	0	0	0	204.406982	768	12	759.670898	0.390869	11.751221	0.000000	1	3757.210203	NA	Ada	12	1774748730
standard	1	768	4	64	zmq	NA	0	1	0	99.945068	768	12	354.709961	0.177490	8.282715	0.000000	1	7684.221069	NA	Ada	12	1774748733
standard	2	768	4	64	zmq	NA	0	1	0	94.343994	768	12	318.308105	0.185547	9.587402	0.000000	1	8140.422790	NA	Ada	12	1774748734
standard	3	768	4	64	zmq	NA	0	1	0	84.746094	768	12	305.250000	0.225098	8.617432	0.000000	1	9062.364600	NA	Ada	12	1774748735
standard	1	768	4	128	inproc	0	NA	NA	0	141.477051	768	6	427.364014	0.000000	0.000000	0.001953	0	5428.442251	NA	Ada	12	1774748735
standard	2	768	4	128	inproc	0	NA	NA	0	156.655029	768	6	461.012939	0.000000	0.000000	0.000000	0	4902.491822	NA	Ada	12	1774748736
standard	3	768	4	128	inproc	0	NA	NA	0	156.744141	768	6	496.452637	0.000000	0.000000	0.000977	0	4899.704684	NA	Ada	12	1774748736
standard	1	768	4	128	zmq	NA	0	0	0	96.300049	768	6	294.219482	0.203125	5.209961	0.000000	1	7975.073838	NA	Ada	12	1774748739
standard	2	768	4	128	zmq	NA	0	0	0	123.518799	768	6	359.417969	0.208008	6.065674	0.000000	1	6217.677044	NA	Ada	12	1774748740
standard	3	768	4	128	zmq	NA	0	0	0	114.816895	768	6	341.557861	0.285889	5.290039	0.000000	1	6688.911097	NA	Ada	12	1774748741
standard	1	768	4	128	zmq	NA	0	1	0	113.531006	768	6	343.498047	0.217041	5.326172	0.000000	1	6764.671855	NA	Ada	12	1774748744
standard	2	768	4	128	zmq	NA	0	1	0	172.240967	768	6	506.857422	0.312012	6.065918	0.000000	1	4458.869538	NA	Ada	12	1774748746
standard	3	768	4	128	zmq	NA	0	1	0	125.284180	768	6	373.554932	0.217285	6.373047	0.000000	1	6130.063683	NA	Ada	12	1774748747
standard	1	768	8	8	inproc	0	NA	NA	0	76.863037	768	96	581.441650	0.000000	0.000000	0.012695	0	9991.798775	NA	Ada	12	1774748747
standard	2	768	8	8	inproc	0	NA	NA	0	90.403076	768	96	691.024170	0.000000	0.000000	0.022705	0	8495.286140	NA	Ada	12	1774748747
standard	3	768	8	8	inproc	0	NA	NA	0	95.535889	768	96	724.177002	0.000000	0.000000	0.020508	0	8038.863831	NA	Ada	12	1774748747
standard	1	768	8	8	zmq	NA	0	0	0	57.756836	768	96	395.062500	0.309570	43.477783	0.000000	1	13297.127302	NA	Ada	12	1774748750
standard	2	768	8	8	zmq	NA	0	0	0	57.916016	768	96	383.311035	0.323975	46.769531	0.000000	1	13260.580717	NA	Ada	12	1774748752
standard	3	768	8	8	zmq	NA	0	0	0	62.862061	768	96	400.737549	0.324951	49.607178	0.000000	1	12217.225992	NA	Ada	12	1774748753
standard	1	768	8	8	zmq	NA	0	1	0	59.004883	768	96	398.383301	0.315430	48.707031	0.000000	1	13015.871965	NA	Ada	12	1774748756
standard	2	768	8	8	zmq	NA	0	1	0	59.163086	768	96	374.646484	0.301270	48.765137	0.000000	1	12981.067296	NA	Ada	12	1774748757
standard	3	768	8	8	zmq	NA	0	1	0	109.708984	768	96	732.645996	0.586914	69.953369	0.000000	1	7000.338253	NA	Ada	12	1774748758
standard	1	768	8	16	inproc	0	NA	NA	0	105.467041	768	48	781.263672	0.000000	0.000000	0.018799	0	7281.895771	NA	Ada	12	1774748758
standard	2	768	8	16	inproc	0	NA	NA	0	107.406982	768	48	789.133789	0.000000	0.000000	0.012695	0	7150.373120	NA	Ada	12	1774748758
standard	3	768	8	16	inproc	0	NA	NA	0	119.395996	768	48	890.732422	0.000000	0.000000	0.013916	0	6432.376504	NA	Ada	12	1774748759
standard	1	768	8	16	zmq	NA	0	0	0	78.459961	768	48	450.413086	0.283691	67.697266	0.000000	1	9788.432097	NA	Ada	12	1774748762
standard	2	768	8	16	zmq	NA	0	0	0	53.820068	768	48	359.070801	0.252686	25.595703	0.000000	1	14269.770058	NA	Ada	12	1774748763
standard	3	768	8	16	zmq	NA	0	0	0	91.217041	768	48	611.143799	0.408203	35.049316	0.000000	1	8419.479425	NA	Ada	12	1774748764
standard	1	768	8	16	zmq	NA	0	1	0	66.924072	768	48	458.129883	0.302246	24.166504	0.000000	1	11475.691392	0.313001	Ada	12	1774748766
standard	2	768	8	16	zmq	NA	0	1	0	55.325928	768	48	370.552246	0.250244	23.395020	0.000000	1	13881.375902	3.208787	Ada	12	1774748767
standard	3	768	8	16	zmq	NA	0	1	0	81.001953	768	48	551.989258	0.373291	28.457275	0.000000	1	9481.252863	0.329584	Ada	12	1774748768
standard	1	768	8	32	inproc	0	NA	NA	0	97.619873	768	24	715.199219	0.000000	0.000000	0.004883	0	7867.250551	NA	Ada	12	1774748768
standard	2	768	8	32	inproc	0	NA	NA	0	118.814941	768	24	781.787598	0.000000	0.000000	0.010010	0	6463.833512	NA	Ada	12	1774748769
standard	3	768	8	32	inproc	0	NA	NA	0	119.922119	768	24	803.414062	0.000000	0.000000	0.004883	0	6404.156343	NA	Ada	12	1774748769
standard	1	768	8	32	zmq	NA	0	0	0	60.468994	768	24	396.503174	0.245117	14.828369	0.000000	1	12700.723915	0.386907	Ada	12	1774748771
standard	2	768	8	32	zmq	NA	0	0	0	68.264160	768	24	457.239502	0.306641	11.615967	0.000000	1	11250.413075	0.312483	Ada	12	1774748772
standard	3	768	8	32	zmq	NA	0	0	0	79.479980	768	24	564.241211	0.324463	20.759766	0.000000	1	9662.810628	6.009701	Ada	12	1774748773
standard	1	768	8	32	zmq	NA	0	1	0	55.417969	768	24	387.988525	0.245117	14.432617	0.000000	1	13858.320998	5.538858	Ada	12	1774748775
standard	2	768	8	32	zmq	NA	0	1	0	95.922119	768	24	603.763672	0.356201	15.984131	0.000000	1	8006.495341	0.395830	Ada	12	1774748777
standard	3	768	8	32	zmq	NA	0	1	0	77.170166	768	24	515.323242	0.323486	16.100342	0.000000	1	9952.032497	9.076642	Ada	12	1774748778
standard	1	768	8	64	inproc	0	NA	NA	0	91.732910	768	12	554.189697	0.000000	0.000000	0.002930	0	8372.131645	NA	Ada	12	1774748778
standard	2	768	8	64	inproc	0	NA	NA	0	99.634033	768	12	574.263672	0.000000	0.000000	0.005127	0	7708.209487	NA	Ada	12	1774748778
standard	3	768	8	64	inproc	0	NA	NA	0	107.633057	768	12	624.311523	0.000000	0.000000	0.003906	0	7135.354360	NA	Ada	12	1774748778
standard	1	768	8	64	zmq	NA	0	0	0	72.111816	768	12	420.887939	0.238037	7.289307	0.000000	1	10650.126959	NA	Ada	12	1774748781
standard	2	768	8	64	zmq	NA	0	0	0	392.069092	768	12	519.858887	0.395020	1978.532227	0.000000	1	1958.838419	NA	Ada	12	1774748782
standard	3	768	8	64	zmq	NA	0	0	0	82.799072	768	12	466.437500	0.279297	7.992188	0.000000	1	9275.466246	NA	Ada	12	1774748783
standard	1	768	8	64	zmq	NA	0	1	0	599.270020	768	12	511.751709	0.276123	3779.111084	0.000000	1	1281.559189	NA	Ada	12	1774748786
standard	2	768	8	64	zmq	NA	0	1	0	78.619141	768	12	473.871094	0.249023	6.245117	0.000000	1	9768.613519	NA	Ada	12	1774748787
standard	3	768	8	64	zmq	NA	0	1	0	101.529053	768	12	592.257812	0.369385	10.715576	0.000000	1	7564.337294	NA	Ada	12	1774748788
standard	1	768	8	128	inproc	0	NA	NA	0	130.852051	768	6	737.298828	0.000000	0.000000	0.001953	0	5869.224024	NA	Ada	12	1774748788
standard	2	768	8	128	inproc	0	NA	NA	0	197.939941	768	6	1048.240234	0.000000	0.000000	0.000000	0	3879.964774	NA	Ada	12	1774748789
standard	3	768	8	128	inproc	0	NA	NA	0	147.729004	768	6	831.160645	0.000000	0.000000	0.003174	0	5198.708308	NA	Ada	12	1774748789
standard	1	768	8	128	zmq	NA	0	0	0	75.072998	768	6	409.403564	0.286621	4.833008	0.000000	1	10230.043025	NA	Ada	12	1774748791
standard	2	768	8	128	zmq	NA	0	0	0	68.947021	768	6	325.251953	0.203857	5.149170	0.000000	1	11138.987348	NA	Ada	12	1774748793
standard	3	768	8	128	zmq	NA	0	0	0	444.826904	768	6	579.938232	0.349609	1547.220703	0.000000	1	1726.514275	NA	Ada	12	1774748794
standard	1	768	8	128	zmq	NA	0	1	0	67.737061	768	6	341.393311	0.245850	4.596924	0.000000	1	11337.958775	NA	Ada	12	1774748796
standard	2	768	8	128	zmq	NA	0	1	0	384.588867	768	6	569.979004	0.347656	1431.323242	0.000000	1	1996.937679	NA	Ada	12	1774748798
standard	3	768	8	128	zmq	NA	0	1	0	79.890869	768	6	411.352295	0.235596	6.092041	0.000000	1	9613.113592	NA	Ada	12	1774748799
standard	1	768	12	8	inproc	0	NA	NA	0	103.597168	768	96	904.972656	0.000000	0.000000	0.017578	0	7413.330065	NA	Ada	12	1774748799
standard	2	768	12	8	inproc	0	NA	NA	0	97.774902	768	96	963.245361	0.000000	0.000000	0.013916	0	7854.776447	NA	Ada	12	1774748799
standard	3	768	12	8	inproc	0	NA	NA	0	92.545898	768	96	898.324951	0.000000	0.000000	0.015137	0	8298.584950	NA	Ada	12	1774748799
standard	1	768	12	8	zmq	NA	0	0	0	67.302979	768	96	594.751709	0.417480	64.377686	0.000000	1	11411.084872	NA	Ada	12	1774748802
standard	2	768	12	8	zmq	NA	0	0	0	94.377930	768	96	731.213135	0.442627	209.492920	0.000000	1	8137.495732	NA	Ada	12	1774748803
standard	3	768	12	8	zmq	NA	0	0	0	54.407959	768	96	482.154785	0.357666	41.253662	0.000000	1	14115.581881	NA	Ada	12	1774748804
standard	1	768	12	8	zmq	NA	0	1	0	156.400879	768	96	1191.912109	0.694336	312.277100	0.000000	1	4910.458339	NA	Ada	12	1774748807
standard	2	768	12	8	zmq	NA	0	1	0	107.421143	768	96	922.211182	0.587891	104.744141	0.000000	1	7149.430564	NA	Ada	12	1774748808
standard	3	768	12	8	zmq	NA	0	1	0	185.815918	768	96	1483.864990	0.888672	224.527588	0.000000	1	4133.122761	NA	Ada	12	1774748809
standard	1	768	12	16	inproc	0	NA	NA	0	182.967041	768	48	1620.316895	0.000000	0.000000	0.022217	0	4197.477293	NA	Ada	12	1774748810
standard	2	768	12	16	inproc	0	NA	NA	0	148.019043	768	48	1364.948730	0.000000	0.000000	0.012939	0	5188.521589	NA	Ada	12	1774748810
standard	3	768	12	16	inproc	0	NA	NA	0	191.081787	768	48	1726.859863	0.000000	0.000000	0.021973	0	4019.221359	NA	Ada	12	1774748810
standard	1	768	12	16	zmq	NA	0	0	0	145.349854	768	48	1257.699707	0.542725	165.283203	0.000000	1	5283.803055	0.386305	Ada	12	1774748813
standard	2	768	12	16	zmq	NA	0	0	0	142.985107	768	48	1107.792725	0.564209	94.055176	0.000000	1	5371.188747	8.369555	Ada	12	1774748814
standard	3	768	12	16	zmq	NA	0	0	0	179.968018	768	48	1495.707031	0.582275	180.829834	0.000000	1	4267.424903	1.745489	Ada	12	1774748815
standard	1	768	12	16	zmq	NA	0	1	0	114.869141	768	48	990.367432	0.509766	56.943604	0.000000	1	6685.868771	0.401207	Ada	12	1774748817
standard	2	768	12	16	zmq	NA	0	1	0	206.504883	768	48	1343.633301	0.678955	260.455811	0.000000	1	3719.040390	NA	Ada	12	1774748819
standard	3	768	12	16	zmq	NA	0	1	0	1414.634033	768	48	1736.874268	0.657227	14514.127197	0.000000	1	542.896595	NA	Ada	12	1774748821
standard	1	768	12	32	inproc	0	NA	NA	0	148.652832	768	24	1202.511719	0.000000	0.000000	0.010986	0	5166.400058	NA	Ada	12	1774748822
standard	2	768	12	32	inproc	0	NA	NA	0	153.838135	768	24	1264.929932	0.000000	0.000000	0.012695	0	4992.260217	NA	Ada	12	1774748822
standard	3	768	12	32	inproc	0	NA	NA	0	167.263916	768	24	1439.438965	0.000000	0.000000	0.007812	0	4591.546212	NA	Ada	12	1774748822
standard	1	768	12	32	zmq	NA	0	0	0	152.086914	768	24	1074.092041	0.507324	159.174805	0.000000	1	5049.744120	NA	Ada	12	1774748825
standard	2	768	12	32	zmq	NA	0	0	0	114.964111	768	24	872.895752	0.596191	31.551514	0.000000	1	6680.345641	0.566590	Ada	12	1774748826
standard	3	768	12	32	zmq	NA	0	0	0	173.363037	768	24	1303.089355	0.647461	53.736328	0.000000	1	4430.010069	0.640132	Ada	12	1774748827
standard	1	768	12	32	zmq	NA	0	1	0	493.681152	768	24	1250.636475	0.582520	3832.049805	0.000000	1	1555.659957	NA	Ada	12	1774748830
standard	2	768	12	32	zmq	NA	0	1	0	127.611084	768	24	987.776123	0.463867	108.156494	0.000000	1	6018.285999	NA	Ada	12	1774748831
standard	3	768	12	32	zmq	NA	0	1	0	56.928955	768	24	459.812988	0.302246	33.951904	0.000000	1	13490.498797	NA	Ada	12	1774748832
standard	1	768	12	64	inproc	0	NA	NA	0	138.398926	768	12	1107.109131	0.000000	0.000000	0.005859	0	5549.176019	NA	Ada	12	1774748833
standard	2	768	12	64	inproc	0	NA	NA	0	155.178955	768	12	1176.410400	0.000000	0.000000	0.000977	0	4949.124703	NA	Ada	12	1774748833
standard	3	768	12	64	inproc	0	NA	NA	0	168.961914	768	12	1335.311523	0.000000	0.000000	0.003906	0	4545.403053	NA	Ada	12	1774748833
standard	1	768	12	64	zmq	NA	0	0	0	130.436035	768	12	1008.930420	0.509766	22.965820	0.000000	1	5887.943459	NA	Ada	12	1774748835
standard	2	768	12	64	zmq	NA	0	0	0	61.445068	768	12	529.613281	0.395996	6.594727	0.000000	1	12498.968925	NA	Ada	12	1774748837
standard	3	768	12	64	zmq	NA	0	0	0	354.236816	768	12	1172.242920	0.666504	1688.934570	0.000000	1	2168.041165	NA	Ada	12	1774748838
standard	1	768	12	64	zmq	NA	0	1	0	59.781982	768	12	512.404541	0.333496	5.077637	0.000000	1	12846.680034	NA	Ada	12	1774748840
standard	2	768	12	64	zmq	NA	0	1	0	203.422119	768	12	868.461426	0.575684	729.300781	0.000000	1	3775.400646	NA	Ada	12	1774748842
standard	3	768	12	64	zmq	NA	0	1	0	153.906982	768	12	1223.815674	0.555908	26.718018	0.000000	1	4990.027014	NA	Ada	12	1774748843
standard	1	768	12	128	inproc	0	NA	NA	0	146.013916	768	6	742.039795	0.000000	0.000000	0.000977	0	5259.772636	NA	Ada	12	1774748843
standard	2	768	12	128	inproc	0	NA	NA	0	165.061035	768	6	819.118896	0.000000	0.000000	0.002930	0	4652.824328	NA	Ada	12	1774748843
standard	3	768	12	128	inproc	0	NA	NA	0	161.895996	768	6	799.814453	0.000000	0.000000	0.004150	0	4743.786249	NA	Ada	12	1774748844
standard	1	768	12	128	zmq	NA	0	0	0	199.086914	768	6	773.296143	0.645996	5.693359	0.000000	1	3857.611655	NA	Ada	12	1774748847
standard	2	768	12	128	zmq	NA	0	0	0	209.059814	768	6	857.030029	0.467041	6.267822	0.000000	1	3673.589791	NA	Ada	12	1774748848
standard	3	768	12	128	zmq	NA	0	0	0	608.722900	768	6	1864.749756	0.781982	1088.119141	0.000000	1	1261.657808	NA	Ada	12	1774748850
standard	1	768	12	128	zmq	NA	0	1	0	158.114014	768	6	611.911133	0.368896	3.873535	0.000000	1	4857.254472	NA	Ada	12	1774748853
standard	2	768	12	128	zmq	NA	0	1	0	140.342041	768	6	606.386475	0.375244	6.685791	0.000000	1	5472.344527	NA	Ada	12	1774748854
standard	3	768	12	128	zmq	NA	0	1	0	94.347168	768	6	456.499512	0.296143	5.482178	0.000000	1	8140.148947	NA	Ada	12	1774748855
standard	1	1024	1	8	inproc	0	NA	NA	0	647.611084	1024	128	647.407471	0.000000	0.000000	0.028809	0	1581.195914	NA	Ada	12	1774748856
standard	2	1024	1	8	inproc	0	NA	NA	0	775.290039	1024	128	775.034424	0.000000	0.000000	0.023682	0	1320.796023	NA	Ada	12	1774748857
standard	3	1024	1	8	inproc	0	NA	NA	0	501.399902	1024	128	501.135742	0.000000	0.000000	0.024902	0	2042.282009	NA	Ada	12	1774748857
standard	1	1024	1	8	zmq	NA	0	0	0	766.798096	1024	128	426.036621	0.682617	339.726318	0.000000	1	1335.423243	NA	Ada	12	1774748861
standard	2	1024	1	8	zmq	NA	0	0	0	435.704102	1024	128	362.027832	0.550781	72.896973	0.000000	1	2350.218867	NA	Ada	12	1774748862
standard	3	1024	1	8	zmq	NA	0	0	0	753.026855	1024	128	417.335449	0.618896	334.795898	0.000000	1	1359.845260	NA	Ada	12	1774748864
standard	1	1024	1	8	zmq	NA	0	1	0	888.340088	1024	128	539.766846	0.881592	347.221924	0.000000	1	1152.711685	NA	Ada	12	1774748867
standard	2	1024	1	8	zmq	NA	0	1	0	683.780029	1024	128	583.162354	0.975342	99.200439	0.000000	1	1497.557630	NA	Ada	12	1774748869
standard	3	1024	1	8	zmq	NA	0	1	0	862.114990	1024	128	520.272705	0.854980	340.606934	0.000000	1	1187.776586	NA	Ada	12	1774748871
standard	1	1024	1	16	inproc	0	NA	NA	0	551.334961	1024	64	551.173096	0.000000	0.000000	0.009766	0	1857.310116	NA	Ada	12	1774748872
standard	2	1024	1	16	inproc	0	NA	NA	0	409.010986	1024	64	408.901367	0.000000	0.000000	0.011230	0	2503.600231	NA	Ada	12	1774748873
standard	3	1024	1	16	inproc	0	NA	NA	0	770.325928	1024	64	770.144775	0.000000	0.000000	0.020752	0	1329.307457	NA	Ada	12	1774748873
standard	1	1024	1	16	zmq	NA	0	0	0	474.165771	1024	64	423.285889	0.595703	49.891357	0.000000	1	2159.582284	4.145671	Ada	12	1774748877
standard	2	1024	1	16	zmq	NA	0	0	0	636.798096	1024	64	585.288818	0.715576	50.476807	0.000000	1	1608.045010	0.439185	Ada	12	1774748878
standard	3	1024	1	16	zmq	NA	0	0	0	484.306885	1024	64	440.493408	0.566895	43.008057	0.000000	1	2114.361848	0.345122	Ada	12	1774748880
standard	1	1024	1	16	zmq	NA	0	1	0	327.229980	1024	64	286.500977	0.512207	40.039795	0.000000	1	3129.297623	0.358052	Ada	12	1774748883
standard	2	1024	1	16	zmq	NA	0	1	0	358.723877	1024	64	319.456787	0.462646	38.624756	0.000000	1	2854.563261	0.342020	Ada	12	1774748884
standard	3	1024	1	16	zmq	NA	0	1	0	444.020020	1024	64	395.305176	0.519775	47.927979	0.000000	1	2306.202322	0.422323	Ada	12	1774748885
standard	1	1024	1	32	inproc	0	NA	NA	0	476.808105	1024	32	476.695801	0.000000	0.000000	0.002930	0	2147.614498	NA	Ada	12	1774748886
standard	2	1024	1	32	inproc	0	NA	NA	0	444.927002	1024	32	444.839600	0.000000	0.000000	0.005859	0	2301.501135	NA	Ada	12	1774748887
standard	3	1024	1	32	inproc	0	NA	NA	0	435.549072	1024	32	435.459229	0.000000	0.000000	0.004883	0	2351.055404	NA	Ada	12	1774748887
standard	1	1024	1	32	zmq	NA	0	0	0	623.297119	1024	32	478.914307	0.491455	143.680664	0.000000	1	1642.876196	NA	Ada	12	1774748891
standard	2	1024	1	32	zmq	NA	0	0	0	767.917969	1024	32	733.648438	0.596924	33.418945	0.000000	1	1333.475764	NA	Ada	12	1774748893
standard	3	1024	1	32	zmq	NA	0	0	0	838.986084	1024	32	799.699707	0.689209	38.368164	0.000000	1	1220.520840	NA	Ada	12	1774748895
standard	1	1024	1	32	zmq	NA	0	1	0	1029.788086	1024	32	552.675293	0.447510	476.457031	0.000000	1	994.379343	NA	Ada	12	1774748899
standard	2	1024	1	32	zmq	NA	0	1	0	501.699951	1024	32	474.331543	0.429688	26.769287	0.000000	1	2041.060593	NA	Ada	12	1774748901
standard	3	1024	1	32	zmq	NA	0	1	0	619.869873	1024	32	592.971436	0.469482	26.233887	0.000000	1	1651.959620	NA	Ada	12	1774748902
standard	1	1024	1	64	inproc	0	NA	NA	0	812.307129	1024	16	812.196777	0.000000	0.000000	0.007080	0	1260.606935	NA	Ada	12	1774748904
standard	2	1024	1	64	inproc	0	NA	NA	0	786.812012	1024	16	786.707520	0.000000	0.000000	0.006836	0	1301.454458	NA	Ada	12	1774748905
standard	3	1024	1	64	inproc	0	NA	NA	0	669.886963	1024	16	669.797852	0.000000	0.000000	0.004883	0	1528.616105	NA	Ada	12	1774748905
standard	1	1024	1	64	zmq	NA	0	0	0	1141.864990	1024	16	1048.743408	0.665039	92.308838	0.000000	1	896.778524	NA	Ada	12	1774748910
standard	2	1024	1	64	zmq	NA	0	0	0	1609.884033	1024	16	892.264160	0.416260	717.033936	0.000000	1	636.070660	NA	Ada	12	1774748912
standard	3	1024	1	64	zmq	NA	0	0	0	429.625977	1024	16	417.007080	0.255859	12.279053	0.000000	1	2383.468542	NA	Ada	12	1774748914
standard	1	1024	1	64	zmq	NA	0	1	0	501.635986	1024	16	488.700195	0.291260	12.530518	0.000000	1	2041.320854	NA	Ada	12	1774748917
standard	2	1024	1	64	zmq	NA	0	1	0	536.138916	1024	16	524.204346	0.304443	11.530762	0.000000	1	1909.952756	NA	Ada	12	1774748919
standard	3	1024	1	64	zmq	NA	0	1	0	414.530029	1024	16	403.443359	0.253174	10.741211	0.000000	1	2470.267357	NA	Ada	12	1774748920
standard	1	1024	1	128	inproc	0	NA	NA	0	864.055908	1024	8	863.988770	0.000000	0.000000	0.001953	0	1185.108499	NA	Ada	12	1774748922
standard	2	1024	1	128	inproc	0	NA	NA	0	477.131104	1024	8	477.074707	0.000000	0.000000	0.006104	0	2146.160652	NA	Ada	12	1774748922
standard	3	1024	1	128	inproc	0	NA	NA	0	541.838867	1024	8	541.771729	0.000000	0.000000	0.002197	0	1889.860735	NA	Ada	12	1774748923
standard	1	1024	1	128	zmq	NA	0	0	0	579.459961	1024	8	490.043945	0.202881	89.104248	0.000000	1	1767.162650	NA	Ada	12	1774748927
standard	2	1024	1	128	zmq	NA	0	0	0	961.883057	1024	8	613.026855	0.271484	348.496338	0.000000	1	1064.578478	NA	Ada	12	1774748929
standard	3	1024	1	128	zmq	NA	0	0	0	423.449951	1024	8	416.692383	0.176025	6.525879	0.000000	1	2418.231475	NA	Ada	12	1774748930
standard	1	1024	1	128	zmq	NA	0	1	0	382.874023	1024	8	376.880127	0.166992	5.776855	0.000000	1	2674.508944	NA	Ada	12	1774748933
standard	2	1024	1	128	zmq	NA	0	1	0	804.531982	1024	8	647.550049	0.264160	156.625244	0.000000	1	1272.789674	NA	Ada	12	1774748935
standard	3	1024	1	128	zmq	NA	0	1	0	346.483154	1024	8	338.901123	0.179443	7.329590	0.000000	1	2955.410638	NA	Ada	12	1774748937
standard	1	1024	2	8	inproc	0	NA	NA	0	460.906006	1024	128	920.114746	0.000000	0.000000	0.037109	0	2221.711123	NA	Ada	12	1774748937
standard	2	1024	2	8	inproc	0	NA	NA	0	627.551025	1024	128	1249.423828	0.000000	0.000000	0.048828	0	1631.739824	NA	Ada	12	1774748938
standard	3	1024	2	8	inproc	0	NA	NA	0	341.544922	1024	128	681.527344	0.000000	0.000000	0.035400	0	2998.141487	NA	Ada	12	1774748938
standard	1	1024	2	8	zmq	NA	0	0	0	600.462158	1024	128	562.444092	0.689697	584.805420	0.000000	1	1705.353095	NA	Ada	12	1774748942
standard	2	1024	2	8	zmq	NA	0	0	0	287.349854	1024	128	479.061279	0.604980	92.175781	0.000000	1	3563.600216	NA	Ada	12	1774748943
standard	3	1024	2	8	zmq	NA	0	0	0	631.468018	1024	128	556.110596	0.632568	675.797607	0.000000	1	1621.618152	NA	Ada	12	1774748945
standard	1	1024	2	8	zmq	NA	0	1	0	683.424072	1024	128	524.909424	0.644531	835.195312	0.000000	1	1498.337623	NA	Ada	12	1774748948
standard	2	1024	2	8	zmq	NA	0	1	0	297.920166	1024	128	496.411865	0.657959	94.274414	0.000000	1	3437.162424	NA	Ada	12	1774748949
standard	3	1024	2	8	zmq	NA	0	1	0	646.576904	1024	128	864.598389	1.043213	422.734863	0.000000	1	1583.724988	NA	Ada	12	1774748951
standard	1	1024	2	16	inproc	0	NA	NA	0	346.187988	1024	64	687.237305	0.000000	0.000000	0.018066	0	2957.930473	NA	Ada	12	1774748951
standard	2	1024	2	16	inproc	0	NA	NA	0	547.487061	1024	64	1074.583740	0.000000	0.000000	0.017822	0	1870.363838	NA	Ada	12	1774748952
standard	3	1024	2	16	inproc	0	NA	NA	0	546.792969	1024	64	1091.251465	0.000000	0.000000	0.032715	0	1872.738054	NA	Ada	12	1774748953
standard	1	1024	2	16	zmq	NA	0	0	0	417.073975	1024	64	777.067627	0.680908	49.808838	0.000000	1	2455.199946	0.311201	Ada	12	1774748956
standard	2	1024	2	16	zmq	NA	0	0	0	30378.389893	1008	64	823.796875	0.616943	30314.555908	0.000000	1	33.181482	NA	Ada	12	1774748987
standard	3	1024	2	16	zmq	NA	0	0	0	299.318848	1024	64	547.850830	0.543945	49.232666	0.000000	1	3421.100970	NA	Ada	12	1774748988
standard	1	1024	2	16	zmq	NA	0	1	0	592.222900	1024	64	510.023926	0.492188	640.932861	0.000000	1	1729.078695	NA	Ada	12	1774748991
standard	2	1024	2	16	zmq	NA	0	1	0	254.861816	1024	64	452.579834	0.453125	51.787109	0.000000	1	4017.863540	NA	Ada	12	1774748993
standard	3	1024	2	16	zmq	NA	0	1	0	542.539062	1024	64	519.459961	0.552490	534.198975	0.000000	1	1887.421701	NA	Ada	12	1774748994
standard	1	1024	2	32	inproc	0	NA	NA	0	261.281006	1024	32	517.132812	0.000000	0.000000	0.004883	0	3919.152089	NA	Ada	12	1774748995
standard	2	1024	2	32	inproc	0	NA	NA	0	507.924072	1024	32	1010.996582	0.000000	0.000000	0.009766	0	2016.049358	NA	Ada	12	1774748995
standard	3	1024	2	32	inproc	0	NA	NA	0	280.449951	1024	32	555.482178	0.000000	0.000000	0.005859	0	3651.275373	NA	Ada	12	1774748996
standard	1	1024	2	32	zmq	NA	0	0	0	372.496826	1024	32	683.859619	0.448242	27.277344	0.000000	1	2749.016711	NA	Ada	12	1774748999
standard	2	1024	2	32	zmq	NA	0	0	0	842.698975	1024	32	474.148926	0.379639	1202.887939	0.000000	1	1215.143285	NA	Ada	12	1774749000
standard	3	1024	2	32	zmq	NA	0	0	0	262.805908	1024	32	497.768799	0.313477	26.597412	0.000000	1	3896.411641	NA	Ada	12	1774749002
standard	1	1024	2	32	zmq	NA	0	1	0	285.468018	1024	32	381.602539	0.325195	177.468750	0.000000	1	3587.091852	NA	Ada	12	1774749005
standard	2	1024	2	32	zmq	NA	0	1	0	595.296875	1024	32	571.104492	0.374268	586.688232	0.000000	1	1720.150135	NA	Ada	12	1774749006
standard	3	1024	2	32	zmq	NA	0	1	0	211.803955	1024	32	391.289551	0.290527	25.368408	0.000000	1	4834.659483	NA	Ada	12	1774749008
standard	1	1024	2	64	inproc	0	NA	NA	0	227.614990	1024	16	450.609863	0.000000	0.000000	0.000977	0	4498.824963	NA	Ada	12	1774749008
standard	2	1024	2	64	inproc	0	NA	NA	0	319.206055	1024	16	626.758301	0.000000	0.000000	0.004883	0	3207.959201	NA	Ada	12	1774749008
standard	3	1024	2	64	inproc	0	NA	NA	0	609.681152	1024	16	1200.416748	0.000000	0.000000	0.008057	0	1679.566436	NA	Ada	12	1774749009
standard	1	1024	2	64	zmq	NA	0	0	0	761.048096	1024	16	617.843506	0.302734	865.816162	0.000000	1	1345.512860	NA	Ada	12	1774749012
standard	2	1024	2	64	zmq	NA	0	0	0	324.229980	1024	16	617.407227	0.345215	16.055664	0.000000	1	3158.252048	NA	Ada	12	1774749014
standard	3	1024	2	64	zmq	NA	0	0	0	633.610107	1024	16	821.370605	0.373047	378.887939	0.000000	1	1616.135835	NA	Ada	12	1774749015
standard	1	1024	2	64	zmq	NA	0	1	0	784.582031	1024	16	824.803711	0.370850	700.602539	0.000000	1	1305.153520	NA	Ada	12	1774749019
standard	2	1024	2	64	zmq	NA	0	1	0	365.358887	1024	16	707.900391	0.357422	14.264893	0.000000	1	2802.723670	NA	Ada	12	1774749020
standard	3	1024	2	64	zmq	NA	0	1	0	731.664062	1024	16	1057.806885	0.439697	353.264404	0.000000	1	1399.549400	NA	Ada	12	1774749022
standard	1	1024	2	128	inproc	0	NA	NA	0	566.348145	1024	8	1024.722900	0.000000	0.000000	0.002197	0	1808.075139	NA	Ada	12	1774749023
standard	2	1024	2	128	inproc	0	NA	NA	0	451.401855	1024	8	895.036133	0.000000	0.000000	0.004883	0	2268.488682	NA	Ada	12	1774749023
standard	3	1024	2	128	inproc	0	NA	NA	0	275.493896	1024	8	539.964111	0.000000	0.000000	0.003906	0	3716.960750	NA	Ada	12	1774749024
standard	1	1024	2	128	zmq	NA	0	0	0	237.384766	1024	8	463.627930	0.209473	6.911865	0.000000	1	4313.671930	NA	Ada	12	1774749027
standard	2	1024	2	128	zmq	NA	0	0	0	528.034912	1024	8	1031.953613	0.403809	9.363770	0.000000	1	1939.265712	NA	Ada	12	1774749029
standard	3	1024	2	128	zmq	NA	0	0	0	279.387939	1024	8	531.613037	0.282227	7.658936	0.000000	1	3665.154631	NA	Ada	12	1774749030
standard	1	1024	2	128	zmq	NA	0	1	0	1620.916016	1024	8	400.396973	0.221680	2795.281250	0.000000	1	631.741552	NA	Ada	12	1774749034
standard	2	1024	2	128	zmq	NA	0	1	0	320.280029	1024	8	622.242676	0.298584	8.079102	0.000000	1	3197.202155	NA	Ada	12	1774749036
standard	3	1024	2	128	zmq	NA	0	1	0	358.833984	1024	8	698.555664	0.303467	7.965820	0.000000	1	2853.687345	NA	Ada	12	1774749037
standard	1	1024	4	8	inproc	0	NA	NA	0	182.777100	1024	128	713.200684	0.000000	0.000000	0.018555	0	5602.452398	NA	Ada	12	1774749037
standard	2	1024	4	8	inproc	0	NA	NA	0	183.482910	1024	128	723.903320	0.000000	0.000000	0.016846	0	5580.901236	NA	Ada	12	1774749038
standard	3	1024	4	8	inproc	0	NA	NA	0	256.750000	1024	128	1000.832764	0.000000	0.000000	0.045898	0	3988.315482	NA	Ada	12	1774749038
standard	1	1024	4	8	zmq	NA	0	0	0	1702.324951	1024	128	697.796143	0.807861	6082.068848	0.000000	1	601.530277	NA	Ada	12	1774749042
standard	2	1024	4	8	zmq	NA	0	0	0	199.854980	1024	128	704.273926	0.646240	78.019775	0.000000	1	5123.715194	NA	Ada	12	1774749043
standard	3	1024	4	8	zmq	NA	0	0	0	229.104004	1024	128	816.156982	0.720947	86.213379	0.000000	1	4469.585789	NA	Ada	12	1774749044
standard	1	1024	4	8	zmq	NA	0	1	0	207.349854	1024	128	713.024902	0.680664	84.004883	0.000000	1	4938.513255	NA	Ada	12	1774749047
standard	2	1024	4	8	zmq	NA	0	1	0	1824.114990	1024	128	617.646240	0.686279	6669.738770	0.000000	1	561.368119	NA	Ada	12	1774749050
standard	3	1024	4	8	zmq	NA	0	1	0	231.006104	1024	128	825.410645	0.802979	85.178223	0.000000	1	4432.783309	NA	Ada	12	1774749051
standard	1	1024	4	16	inproc	0	NA	NA	0	198.501953	1024	64	774.195068	0.000000	0.000000	0.016357	0	5158.639418	NA	Ada	12	1774749052
standard	2	1024	4	16	inproc	0	NA	NA	0	198.480225	1024	64	767.497314	0.000000	0.000000	0.013184	0	5159.204158	NA	Ada	12	1774749052
standard	3	1024	4	16	inproc	0	NA	NA	0	212.649902	1024	64	843.988525	0.000000	0.000000	0.022705	0	4815.426618	NA	Ada	12	1774749052
standard	1	1024	4	16	zmq	NA	0	0	0	154.767822	1024	64	557.952393	0.452148	44.813721	0.000000	1	6616.362400	NA	Ada	12	1774749055
standard	2	1024	4	16	zmq	NA	0	0	0	157.881836	1024	64	580.076172	0.518799	45.166748	0.000000	1	6485.863266	NA	Ada	12	1774749056
standard	3	1024	4	16	zmq	NA	0	0	0	172.516113	1024	64	628.028809	0.579102	46.313232	0.000000	1	5935.677430	NA	Ada	12	1774749057
standard	1	1024	4	16	zmq	NA	0	1	0	288.043945	1024	64	1030.645996	0.800049	58.673584	0.000000	1	3555.013104	NA	Ada	12	1774749059
standard	2	1024	4	16	zmq	NA	0	1	0	229.603027	1024	64	854.021973	0.595459	42.975098	0.000000	1	4459.871509	NA	Ada	12	1774749061
standard	3	1024	4	16	zmq	NA	0	1	0	273.093994	1024	64	1019.547607	0.850830	57.562256	0.000000	1	3749.624752	NA	Ada	12	1774749062
standard	1	1024	4	32	inproc	0	NA	NA	0	450.023926	1024	32	1727.603027	0.000000	0.000000	0.017822	0	2275.434574	NA	Ada	12	1774749063
standard	2	1024	4	32	inproc	0	NA	NA	0	432.129883	1024	32	1656.796143	0.000000	0.000000	0.020996	0	2369.657922	NA	Ada	12	1774749064
standard	3	1024	4	32	inproc	0	NA	NA	0	412.806152	1024	32	1531.757812	0.000000	0.000000	0.015381	0	2480.583185	NA	Ada	12	1774749064
standard	1	1024	4	32	zmq	NA	0	0	0	218.501953	1024	32	827.021729	0.678467	30.212646	0.000000	1	4686.456965	NA	Ada	12	1774749067
standard	2	1024	4	32	zmq	NA	0	0	0	230.194824	1024	32	839.013184	0.568604	31.444580	0.000000	1	4448.405838	NA	Ada	12	1774749068
standard	3	1024	4	32	zmq	NA	0	0	0	171.580078	1024	32	616.608398	0.505859	25.634033	0.000000	1	5968.058828	NA	Ada	12	1774749069
standard	1	1024	4	32	zmq	NA	0	1	0	160.208008	1024	32	583.379883	0.383301	24.991943	0.000000	1	6391.690490	NA	Ada	12	1774749072
standard	2	1024	4	32	zmq	NA	0	1	0	180.805176	1024	32	648.806152	0.388672	24.999756	0.000000	1	5663.554683	NA	Ada	12	1774749073
standard	3	1024	4	32	zmq	NA	0	1	0	140.608887	1024	32	501.432373	0.353271	23.458252	0.000000	1	7282.612244	NA	Ada	12	1774749074
standard	1	1024	4	64	inproc	0	NA	NA	0	188.214111	1024	16	724.551025	0.000000	0.000000	0.005859	0	5440.612252	NA	Ada	12	1774749074
standard	2	1024	4	64	inproc	0	NA	NA	0	236.675049	1024	16	875.440674	0.000000	0.000000	0.006104	0	4326.607325	NA	Ada	12	1774749075
standard	3	1024	4	64	inproc	0	NA	NA	0	299.370117	1024	16	1104.764404	0.000000	0.000000	0.010254	0	3420.515079	NA	Ada	12	1774749075
standard	1	1024	4	64	zmq	NA	0	0	0	348.318115	1024	16	868.333740	0.440918	424.716309	0.000000	1	2939.841355	NA	Ada	12	1774749078
standard	2	1024	4	64	zmq	NA	0	0	0	139.526855	1024	16	508.395996	0.253174	11.428711	0.000000	1	7339.088927	NA	Ada	12	1774749079
standard	3	1024	4	64	zmq	NA	0	0	0	188.992920	1024	16	683.075195	0.327881	12.627197	0.000000	1	5418.192387	NA	Ada	12	1774749080
standard	1	1024	4	64	zmq	NA	0	1	0	172.437988	1024	16	654.466797	0.320557	12.618652	0.000000	1	5938.366657	NA	Ada	12	1774749083
standard	2	1024	4	64	zmq	NA	0	1	0	210.007812	1024	16	789.843018	0.416016	15.365723	0.000000	1	4876.009077	NA	Ada	12	1774749084
standard	3	1024	4	64	zmq	NA	0	1	0	158.297119	1024	16	580.108398	0.293701	13.499756	0.000000	1	6468.847984	NA	Ada	12	1774749085
standard	1	1024	4	128	inproc	0	NA	NA	0	199.475098	1024	8	743.072998	0.000000	0.000000	0.001953	0	5133.472860	NA	Ada	12	1774749085
standard	2	1024	4	128	inproc	0	NA	NA	0	228.830078	1024	8	887.376221	0.000000	0.000000	0.000977	0	4474.936199	NA	Ada	12	1774749086
standard	3	1024	4	128	inproc	0	NA	NA	0	359.382080	1024	8	1336.299561	0.000000	0.000000	0.001953	0	2849.335169	NA	Ada	12	1774749086
standard	1	1024	4	128	zmq	NA	0	0	0	270.318848	1024	8	720.947021	0.365967	205.743896	0.000000	1	3788.119137	NA	Ada	12	1774749089
standard	2	1024	4	128	zmq	NA	0	0	0	241.007080	1024	8	604.266846	0.382324	263.198730	0.000000	1	4248.837834	NA	Ada	12	1774749090
standard	3	1024	4	128	zmq	NA	0	0	0	124.562988	1024	8	451.210205	0.240723	7.427979	0.000000	1	8220.740479	NA	Ada	12	1774749091
standard	1	1024	4	128	zmq	NA	0	1	0	120.031982	1024	8	434.011475	0.245361	7.859619	0.000000	1	8531.059634	NA	Ada	12	1774749094
standard	2	1024	4	128	zmq	NA	0	1	0	131.117188	1024	8	485.004395	0.229248	6.448730	0.000000	1	7809.807543	NA	Ada	12	1774749095
standard	3	1024	4	128	zmq	NA	0	1	0	122.037109	1024	8	434.746826	0.398926	7.385254	0.000000	1	8390.890322	NA	Ada	12	1774749096
standard	1	1024	8	8	inproc	0	NA	NA	0	97.917969	1024	128	737.425537	0.000000	0.000000	0.017578	0	10457.733275	NA	Ada	12	1774749096
standard	2	1024	8	8	inproc	0	NA	NA	0	121.125977	1024	128	923.170166	0.000000	0.000000	0.027100	0	8454.008207	NA	Ada	12	1774749096
standard	3	1024	8	8	inproc	0	NA	NA	0	138.003906	1024	128	1067.994141	0.000000	0.000000	0.039307	0	7420.079821	NA	Ada	12	1774749097
standard	1	1024	8	8	zmq	NA	0	0	0	75.824219	1024	128	500.510986	0.427734	70.670898	0.000000	1	13504.919891	NA	Ada	12	1774749099
standard	2	1024	8	8	zmq	NA	0	0	0	79.548096	1024	128	535.673096	0.442139	65.877686	0.000000	1	12872.715443	NA	Ada	12	1774749100
standard	3	1024	8	8	zmq	NA	0	0	0	76.159180	1024	128	517.440430	0.434814	69.639160	0.000000	1	13445.522972	NA	Ada	12	1774749101
standard	1	1024	8	8	zmq	NA	0	1	0	76.293945	1024	128	513.436035	0.414307	64.796631	0.000000	1	13421.772800	NA	Ada	12	1774749103
standard	2	1024	8	8	zmq	NA	0	1	0	80.467041	1024	128	532.107178	0.463135	67.179932	0.000000	1	12725.707160	NA	Ada	12	1774749104
standard	3	1024	8	8	zmq	NA	0	1	0	73.541016	1024	128	497.729492	0.445801	62.145264	0.000000	1	13924.202587	NA	Ada	12	1774749106
standard	1	1024	8	16	inproc	0	NA	NA	0	101.672852	1024	64	760.409180	0.000000	0.000000	0.012939	0	10071.518446	NA	Ada	12	1774749106
standard	2	1024	8	16	inproc	0	NA	NA	0	118.714844	1024	64	882.609619	0.000000	0.000000	0.015869	0	8625.711559	NA	Ada	12	1774749106
standard	3	1024	8	16	inproc	0	NA	NA	0	118.957764	1024	64	886.373779	0.000000	0.000000	0.010986	0	8608.097264	NA	Ada	12	1774749106
standard	1	1024	8	16	zmq	NA	0	0	0	82.388184	1024	64	566.122070	0.436768	37.368408	0.000000	1	12428.966817	NA	Ada	12	1774749108
standard	2	1024	8	16	zmq	NA	0	0	0	74.560059	1024	64	527.460693	0.412598	34.913086	0.000000	1	13733.894786	NA	Ada	12	1774749109
standard	3	1024	8	16	zmq	NA	0	0	0	77.084961	1024	64	507.828125	0.360596	34.559570	0.000000	1	13284.043834	NA	Ada	12	1774749111
standard	1	1024	8	16	zmq	NA	0	1	0	75.338135	1024	64	520.029053	0.372070	37.320801	0.000000	1	13592.054053	NA	Ada	12	1774749113
standard	2	1024	8	16	zmq	NA	0	1	0	83.196045	1024	64	580.552246	0.448242	37.980713	0.000000	1	12308.277406	NA	Ada	12	1774749114
standard	3	1024	8	16	zmq	NA	0	1	0	74.927979	1024	64	515.342041	0.400146	33.479492	0.000000	1	13666.457047	NA	Ada	12	1774749115
standard	1	1024	8	32	inproc	0	NA	NA	0	104.235107	1024	32	732.453857	0.000000	0.000000	0.005859	0	9823.945361	NA	Ada	12	1774749115
standard	2	1024	8	32	inproc	0	NA	NA	0	117.955078	1024	32	860.623535	0.000000	0.000000	0.010986	0	8681.271008	NA	Ada	12	1774749115
standard	3	1024	8	32	inproc	0	NA	NA	0	132.804199	1024	32	932.728760	0.000000	0.000000	0.012207	0	7710.599560	NA	Ada	12	1774749116
standard	1	1024	8	32	zmq	NA	0	0	0	90.157227	1024	32	627.475342	0.472656	22.195557	0.000000	1	11357.935898	NA	Ada	12	1774749118
standard	2	1024	8	32	zmq	NA	0	0	0	190.614014	1024	32	1176.250977	0.568359	50.047363	0.000000	1	5372.112891	NA	Ada	12	1774749119
standard	3	1024	8	32	zmq	NA	0	0	0	79.671875	1024	32	538.251221	0.284668	19.430664	0.000000	1	12852.716219	NA	Ada	12	1774749120
standard	1	1024	8	32	zmq	NA	0	1	0	78.198975	1024	32	530.070557	0.301025	19.586182	0.000000	1	13094.800860	NA	Ada	12	1774749123
standard	2	1024	8	32	zmq	NA	0	1	0	77.447021	1024	32	541.811768	0.334473	19.597656	0.000000	1	13221.941662	NA	Ada	12	1774749124
standard	3	1024	8	32	zmq	NA	0	1	0	76.520996	1024	32	537.297363	0.347656	20.695068	0.000000	1	13381.948122	NA	Ada	12	1774749125
standard	1	1024	8	64	inproc	0	NA	NA	0	84.104980	1024	16	617.713135	0.000000	0.000000	0.007080	0	12175.259946	NA	Ada	12	1774749125
standard	2	1024	8	64	inproc	0	NA	NA	0	108.744141	1024	16	759.904785	0.000000	0.000000	0.002441	0	9416.599314	NA	Ada	12	1774749125
standard	3	1024	8	64	inproc	0	NA	NA	0	115.312988	1024	16	823.073486	0.000000	0.000000	0.004883	0	8880.179200	NA	Ada	12	1774749125
standard	1	1024	8	64	zmq	NA	0	0	0	76.206055	1024	16	481.403320	0.245117	10.725586	0.000000	1	13437.252515	NA	Ada	12	1774749127
standard	2	1024	8	64	zmq	NA	0	0	0	77.002197	1024	16	519.972900	0.299072	11.230957	0.000000	1	13298.321819	NA	Ada	12	1774749129
standard	3	1024	8	64	zmq	NA	0	0	0	73.197021	1024	16	497.386963	0.271729	10.857422	0.000000	1	13989.640278	NA	Ada	12	1774749130
standard	1	1024	8	64	zmq	NA	0	1	0	74.321045	1024	16	483.856934	0.249512	10.315430	0.000000	1	13778.062473	NA	Ada	12	1774749132
standard	2	1024	8	64	zmq	NA	0	1	0	75.274902	1024	16	525.959961	0.352295	9.689453	0.000000	1	13603.471650	NA	Ada	12	1774749133
standard	3	1024	8	64	zmq	NA	0	1	0	77.037842	1024	16	479.460449	0.314209	10.358154	0.000000	1	13292.168837	NA	Ada	12	1774749134
standard	1	1024	8	128	inproc	0	NA	NA	0	82.292969	1024	8	577.178467	0.000000	0.000000	0.000977	0	12443.347415	NA	Ada	12	1774749134
standard	2	1024	8	128	inproc	0	NA	NA	0	94.169189	1024	8	683.786621	0.000000	0.000000	0.000000	0	10874.044960	NA	Ada	12	1774749134
standard	3	1024	8	128	inproc	0	NA	NA	0	108.961914	1024	8	788.413818	0.000000	0.000000	0.001953	0	9397.779112	NA	Ada	12	1774749135
standard	1	1024	8	128	zmq	NA	0	0	0	78.867920	1024	8	514.864746	0.354736	6.440186	0.000000	1	12983.732816	NA	Ada	12	1774749137
standard	2	1024	8	128	zmq	NA	0	0	0	71.314209	1024	8	467.695557	0.275391	6.197998	0.000000	1	14358.989808	NA	Ada	12	1774749138
standard	3	1024	8	128	zmq	NA	0	0	0	68.429932	1024	8	487.786377	0.306641	6.434326	0.000000	1	14964.211938	NA	Ada	12	1774749139
standard	1	1024	8	128	zmq	NA	0	1	0	71.483154	1024	8	481.894287	0.329102	6.772949	0.000000	1	14325.053365	NA	Ada	12	1774749141
standard	2	1024	8	128	zmq	NA	0	1	0	81.748047	1024	8	566.868652	0.428223	6.655762	0.000000	1	12526.293155	NA	Ada	12	1774749142
standard	3	1024	8	128	zmq	NA	0	1	0	82.545166	1024	8	555.068359	0.354980	7.287109	0.000000	1	12405.329705	NA	Ada	12	1774749144
standard	1	1024	12	8	inproc	0	NA	NA	0	101.801025	1024	128	1099.194824	0.000000	0.000000	0.026123	0	10058.837778	NA	Ada	12	1774749144
standard	2	1024	12	8	inproc	0	NA	NA	0	111.404053	1024	128	1192.036621	0.000000	0.000000	0.027100	0	9191.766142	NA	Ada	12	1774749144
standard	3	1024	12	8	inproc	0	NA	NA	0	121.313965	1024	128	1199.324219	0.000000	0.000000	0.021729	0	8440.907865	NA	Ada	12	1774749144
standard	1	1024	12	8	zmq	NA	0	0	0	76.585938	1024	128	678.243408	0.488037	71.890137	0.000000	1	13370.600836	NA	Ada	12	1774749146
standard	2	1024	12	8	zmq	NA	0	0	0	70.783203	1024	128	657.553711	0.466797	77.564209	0.000000	1	14466.708976	NA	Ada	12	1774749147
standard	3	1024	12	8	zmq	NA	0	0	0	113.072998	1024	128	1096.702881	0.823975	139.660889	0.000000	1	9056.096660	NA	Ada	12	1774749149
standard	1	1024	12	8	zmq	NA	0	1	0	90.975098	1024	128	814.140137	0.638184	70.840820	0.000000	1	11255.827434	NA	Ada	12	1774749151
standard	2	1024	12	8	zmq	NA	0	1	0	85.482910	1024	128	722.691650	0.496094	73.865723	0.000000	1	11979.002565	NA	Ada	12	1774749152
standard	3	1024	12	8	zmq	NA	0	1	0	91.604980	1024	128	618.634766	0.463135	161.601318	0.000000	1	11178.431508	NA	Ada	12	1774749153
standard	1	1024	12	16	inproc	0	NA	NA	0	104.632080	1024	64	1068.622070	0.000000	0.000000	0.012939	0	9786.673449	NA	Ada	12	1774749154
standard	2	1024	12	16	inproc	0	NA	NA	0	123.720947	1024	64	1219.792236	0.000000	0.000000	0.014648	0	8276.690590	NA	Ada	12	1774749154
standard	3	1024	12	16	inproc	0	NA	NA	0	125.227051	1024	64	1264.553711	0.000000	0.000000	0.015869	0	8177.146979	NA	Ada	12	1774749154
standard	1	1024	12	16	zmq	NA	0	0	0	68.002197	1024	64	626.480469	0.387207	50.231934	0.000000	1	15058.336953	NA	Ada	12	1774749156
standard	2	1024	12	16	zmq	NA	0	0	0	63.586914	1024	64	586.295654	0.366455	57.418457	0.000000	1	16103.942377	NA	Ada	12	1774749157
standard	3	1024	12	16	zmq	NA	0	0	0	68.477051	1024	64	653.154297	0.377930	22.420166	0.000000	1	14953.915046	NA	Ada	12	1774749158
standard	1	1024	12	16	zmq	NA	0	1	0	65.868896	1024	64	630.633789	0.380371	28.358887	0.000000	1	15546.032417	NA	Ada	12	1774749160
standard	2	1024	12	16	zmq	NA	0	1	0	70.636963	1024	64	655.892578	0.449219	31.834229	0.000000	1	14496.659512	NA	Ada	12	1774749162
standard	3	1024	12	16	zmq	NA	0	1	0	69.541016	1024	64	641.013428	0.492920	39.702637	0.000000	1	14725.122876	NA	Ada	12	1774749163
standard	1	1024	12	32	inproc	0	NA	NA	0	119.551025	1024	32	1131.421143	0.000000	0.000000	0.007324	0	8565.380319	NA	Ada	12	1774749163
standard	2	1024	12	32	inproc	0	NA	NA	0	118.433105	1024	32	1181.647461	0.000000	0.000000	0.010986	0	8646.231102	NA	Ada	12	1774749163
standard	3	1024	12	32	inproc	0	NA	NA	0	205.687988	1024	32	1863.814209	0.000000	0.000000	0.011963	0	4978.414192	NA	Ada	12	1774749163
standard	1	1024	12	32	zmq	NA	0	0	0	75.858887	1024	32	667.837891	0.427979	18.455078	0.000000	1	13498.748061	7.026709	Ada	12	1774749166
standard	2	1024	12	32	zmq	NA	0	0	0	71.972900	1024	32	655.322998	0.328369	11.958740	0.000000	1	14227.577247	0.227460	Ada	12	1774749167
standard	3	1024	12	32	zmq	NA	0	0	0	70.181152	1024	32	667.655029	0.365234	13.678955	0.000000	1	14590.812003	0.277209	Ada	12	1774749168
standard	1	1024	12	32	zmq	NA	0	1	0	69.766113	1024	32	638.320557	0.441162	20.867920	0.000000	1	14677.612839	0.202770	Ada	12	1774749170
standard	2	1024	12	32	zmq	NA	0	1	0	90.222900	1024	32	900.175781	0.487549	21.897705	0.000000	1	11349.668383	0.337732	Ada	12	1774749171
standard	3	1024	12	32	zmq	NA	0	1	0	78.974121	1024	32	701.185303	0.468018	40.306885	0.000000	1	12966.272822	0.296078	Ada	12	1774749173
standard	1	1024	12	64	inproc	0	NA	NA	0	131.952148	1024	16	1066.162598	0.000000	0.000000	0.005859	0	7760.388990	NA	Ada	12	1774749173
standard	2	1024	12	64	inproc	0	NA	NA	0	147.911865	1024	16	1296.234619	0.000000	0.000000	0.005127	0	6923.041626	NA	Ada	12	1774749173
standard	3	1024	12	64	inproc	0	NA	NA	0	141.205811	1024	16	1251.963379	0.000000	0.000000	0.000977	0	7251.826225	NA	Ada	12	1774749173
standard	1	1024	12	64	zmq	NA	0	0	0	80.807861	1024	16	618.262207	0.369385	7.849121	0.000000	1	12672.034418	0.243405	Ada	12	1774749175
standard	2	1024	12	64	zmq	NA	0	0	0	99.243896	1024	16	762.593506	0.448486	12.713867	0.000000	1	10318.014873	0.362261	Ada	12	1774749177
standard	3	1024	12	64	zmq	NA	0	0	0	81.044922	1024	16	658.040771	0.503174	11.621582	0.000000	1	12634.968068	0.258389	Ada	12	1774749178
standard	1	1024	12	64	zmq	NA	0	1	0	150.660889	1024	16	1248.506348	0.755371	19.788574	0.000000	1	6796.720828	0.663798	Ada	12	1774749180
standard	2	1024	12	64	zmq	NA	0	1	0	88.165039	1024	16	695.473389	0.480713	13.091797	0.000000	1	11614.581141	0.416517	Ada	12	1774749181
standard	3	1024	12	64	zmq	NA	0	1	0	85.613037	1024	16	620.850586	0.477051	15.245605	0.000000	1	11960.795161	0.389129	Ada	12	1774749182
standard	1	1024	12	128	inproc	0	NA	NA	0	130.726074	1024	8	877.894775	0.000000	0.000000	0.000977	0	7833.173344	NA	Ada	12	1774749183
standard	2	1024	12	128	inproc	0	NA	NA	0	187.436035	1024	8	1049.321533	0.000000	0.000000	0.002930	0	5463.197080	NA	Ada	12	1774749183
standard	3	1024	12	128	inproc	0	NA	NA	0	144.614014	1024	8	993.260498	0.000000	0.000000	0.001953	0	7080.918190	NA	Ada	12	1774749183
standard	1	1024	12	128	zmq	NA	0	0	0	74.964844	1024	8	493.167969	0.403320	6.466797	0.000000	1	13659.736335	0.327147	Ada	12	1774749185
standard	2	1024	12	128	zmq	NA	0	0	0	80.244141	1024	8	525.954102	0.419922	6.986328	0.000000	1	12761.056347	0.361803	Ada	12	1774749187
standard	3	1024	12	128	zmq	NA	0	0	0	83.248047	1024	8	521.072998	0.374756	7.142334	0.000000	1	12300.588884	0.389257	Ada	12	1774749188
standard	1	1024	12	128	zmq	NA	0	1	0	78.995117	1024	8	510.947998	0.345947	6.800049	0.000000	1	12962.826520	0.432343	Ada	12	1774749190
standard	2	1024	12	128	zmq	NA	0	1	0	103.986084	1024	8	674.075195	0.352051	7.386230	0.000000	1	9847.471515	0.461971	Ada	12	1774749191
standard	3	1024	12	128	zmq	NA	0	1	0	82.029053	1024	8	522.365967	0.339600	7.107178	0.000000	1	12483.381995	0.454923	Ada	12	1774749192
